"Code","Year","site_type","AA","BUFF","site_type_fac"
"GRME01",2025,"ACAD GRME",2,4,"ACAD GRME"
"GRME02",2025,"ACAD GRME",2,1,"ACAD GRME"
"GRME03",2025,"ACAD GRME",3,4,"ACAD GRME"
"GRME04",2025,"ACAD GRME",2,2,"ACAD GRME"
"GRME05",2025,"ACAD GRME",2,2,"ACAD GRME"
"GRME06",2025,"ACAD GRME",2,1,"ACAD GRME"
"GRME07",2025,"ACAD GRME",2,5,"ACAD GRME"
"GRME08",2025,"ACAD GRME",5,4,"ACAD GRME"
"GRME09",2025,"ACAD GRME",2,2,"ACAD GRME"
"GRME10",2025,"ACAD GRME",1,2,"ACAD GRME"
"R-01",2022,"ACAD RAM",0,0,"ACAD RAM"
"R-02",2022,"ACAD RAM",1,0,"ACAD RAM"
"R-03",2022,"ACAD RAM",0,0,"ACAD RAM"
"R-04",2022,"ACAD RAM",6,6,"ACAD RAM"
"R-05",2022,"ACAD RAM",0,0,"ACAD RAM"
"R-06",2022,"ACAD RAM",1,0,"ACAD RAM"
"R-07",2022,"ACAD RAM",0,0,"ACAD RAM"
"R-08",2022,"ACAD RAM",0,0,"ACAD RAM"
"R-09",2022,"ACAD RAM",0,0,"ACAD RAM"
"R-10",2022,"ACAD RAM",0,0,"ACAD RAM"
"R-11",2023,"ACAD RAM",0,0,"ACAD RAM"
"R-12",2023,"ACAD RAM",2,0,"ACAD RAM"
"R-13",2023,"ACAD RAM",10,3,"ACAD RAM"
"R-14",2023,"ACAD RAM",1,0,"ACAD RAM"
"R-15",2023,"ACAD RAM",1,2,"ACAD RAM"
"R-16",2023,"ACAD RAM",1,0,"ACAD RAM"
"R-17",2023,"ACAD RAM",0,1,"ACAD RAM"
"R-18",2023,"ACAD RAM",1,0,"ACAD RAM"
"R-19",2023,"ACAD RAM",4,1,"ACAD RAM"
"R-20",2023,"ACAD RAM",1,0,"ACAD RAM"
"R-21",2024,"ACAD RAM",1,0,"ACAD RAM"
"R-22",2024,"ACAD RAM",1,0,"ACAD RAM"
"R-23",2024,"ACAD RAM",1,2,"ACAD RAM"
"R-24",2024,"ACAD RAM",1,2,"ACAD RAM"
"R-25",2024,"ACAD RAM",1,4,"ACAD RAM"
"R-26",2024,"ACAD RAM",1,0,"ACAD RAM"
"R-27",2024,"ACAD RAM",1,0,"ACAD RAM"
"R-28",2024,"ACAD RAM",1,0,"ACAD RAM"
"R-29",2024,"ACAD RAM",0,0,"ACAD RAM"
"R-30",2024,"ACAD RAM",1,0,"ACAD RAM"
"R-31",2025,"ACAD RAM",0,2,"ACAD RAM"
"R-32",2025,"ACAD RAM",0,0,"ACAD RAM"
"R-33",2025,"ACAD RAM",0,1,"ACAD RAM"
"R-34",2025,"ACAD RAM",2,0,"ACAD RAM"
"R-35",2025,"ACAD RAM",0,0,"ACAD RAM"
"R-36",2025,"ACAD RAM",4,0,"ACAD RAM"
"R-37",2025,"ACAD RAM",2,1,"ACAD RAM"
"R-38",2025,"ACAD RAM",1,1,"ACAD RAM"
"R-39",2025,"ACAD RAM",1,0,"ACAD RAM"
"R-40",2025,"ACAD RAM",0,0,"ACAD RAM"
"DUCK",2021,"ACAD Sent.",0,6,"ACAD Sent."
"WMTN",2021,"ACAD Sent.",0,0,"ACAD Sent."
"BIGH",2021,"ACAD Sent.",0,0,"ACAD Sent."
"GILM",2021,"ACAD Sent.",0,4,"ACAD Sent."
"LIHU",2021,"ACAD Sent.",0,0,"ACAD Sent."
"NEMI",2021,"ACAD Sent.",0,6,"ACAD Sent."
"GRME",2021,"ACAD Sent.",0,0,"ACAD Sent."
"HEBR",2021,"ACAD Sent.",0,3,"ACAD Sent."
"HODG",2021,"ACAD Sent.",0,0,"ACAD Sent."
"FRAZ",2021,"ACAD Sent.",0,0,"ACAD Sent."
"NWC21-CT-10006",2021,"EPA Prob.",0,1,"EPA Prob."
"NWC21-CT-10007",2021,"EPA Prob.",0,1,"EPA Prob."
"NWC21-CT-10008",2021,"EPA Prob.",0,1,"EPA Prob."
"NWC21-CT-10010",2021,"EPA Prob.",1,2,"EPA Prob."
"NWC21-CT-10057",2021,"EPA Prob.",1,4,"EPA Prob."
"NWC21-IA-10002",2021,"EPA Prob.",0,1,"EPA Prob."
"NWC21-IA-10012",2021,"EPA Prob.",1,4,"EPA Prob."
"NWC21-IN-10012",2021,"EPA Prob.",0,7,"EPA Prob."
"NWC21-MA-10001",2021,"EPA Prob.",0,3,"EPA Prob."
"NWC21-MA-10004",2021,"EPA Prob.",0,3,"EPA Prob."
"NWC21-MA-10005",2021,"EPA Prob.",0,2,"EPA Prob."
"NWC21-MA-10008",2021,"EPA Prob.",1,1,"EPA Prob."
"NWC21-MA-10063",2021,"EPA Prob.",0,4,"EPA Prob."
"NWC21-MA-10064",2021,"EPA Prob.",0,4,"EPA Prob."
"NWC21-ME-10006",2021,"EPA Prob.",0,2,"EPA Prob."
"NWC21-ME-10007",2021,"EPA Prob.",0,0,"EPA Prob."
"NWC21-ME-10018",2021,"EPA Prob.",1,8,"EPA Prob."
"NWC21-ME-10057",2021,"EPA Prob.",0,2,"EPA Prob."
"NWC21-ME-10058",2021,"EPA Prob.",0,2,"EPA Prob."
"NWC21-MI-10001",2021,"EPA Prob.",0,1,"EPA Prob."
"NWC21-MI-10004",2021,"EPA Prob.",0,1,"EPA Prob."
"NWC21-MI-10011",2021,"EPA Prob.",0,1,"EPA Prob."
"NWC21-MI-10012",2021,"EPA Prob.",0,0,"EPA Prob."
"NWC21-MI-10014",2021,"EPA Prob.",1,4,"EPA Prob."
"NWC21-MI-10015",2021,"EPA Prob.",0,0,"EPA Prob."
"NWC21-MI-10016",2021,"EPA Prob.",0,0,"EPA Prob."
"NWC21-MI-10035",2021,"EPA Prob.",0,4,"EPA Prob."
"NWC21-MI-10036",2021,"EPA Prob.",0,0,"EPA Prob."
"NWC21-MI-10041",2021,"EPA Prob.",0,0,"EPA Prob."
"NWC21-MI-10044",2021,"EPA Prob.",0,2,"EPA Prob."
"NWC21-MI-10052",2021,"EPA Prob.",0,4,"EPA Prob."
"NWC21-MN-10001",2021,"EPA Prob.",0,4,"EPA Prob."
"NWC21-MN-10002",2021,"EPA Prob.",0,2,"EPA Prob."
"NWC21-MN-10004",2021,"EPA Prob.",0,2,"EPA Prob."
"NWC21-MN-10005",2021,"EPA Prob.",0,1,"EPA Prob."
"NWC21-MN-10007",2021,"EPA Prob.",0,0,"EPA Prob."
"NWC21-MN-10013",2021,"EPA Prob.",0,1,"EPA Prob."
"NWC21-MN-10015",2021,"EPA Prob.",1,5,"EPA Prob."
"NWC21-MN-10017",2021,"EPA Prob.",0,8,"EPA Prob."
"NWC21-MN-10018",2021,"EPA Prob.",0,4,"EPA Prob."
"NWC21-MN-10019",2021,"EPA Prob.",0,2,"EPA Prob."
"NWC21-MN-10020",2021,"EPA Prob.",2,6,"EPA Prob."
"NWC21-MN-10021",2021,"EPA Prob.",0,4,"EPA Prob."
"NWC21-MN-10022",2021,"EPA Prob.",2,3,"EPA Prob."
"NWC21-MN-10023",2021,"EPA Prob.",0,1,"EPA Prob."
"NWC21-MN-10024",2021,"EPA Prob.",0,0,"EPA Prob."
"NWC21-MN-10025",2021,"EPA Prob.",0,3,"EPA Prob."
"NWC21-MN-10026",2021,"EPA Prob.",0,2,"EPA Prob."
"NWC21-MN-10028",2021,"EPA Prob.",0,1,"EPA Prob."
"NWC21-MN-10029",2021,"EPA Prob.",0,1,"EPA Prob."
"NWC21-MN-10030",2021,"EPA Prob.",0,1,"EPA Prob."
"NWC21-MN-10031",2021,"EPA Prob.",0,1,"EPA Prob."
"NWC21-MN-10078",2021,"EPA Prob.",0,14,"EPA Prob."
"NWC21-MN-10080",2021,"EPA Prob.",2,7,"EPA Prob."
"NWC21-MN-10087",2021,"EPA Prob.",0,0,"EPA Prob."
"NWC21-MN-10089",2021,"EPA Prob.",2,4,"EPA Prob."
"NWC21-MN-10105",2021,"EPA Prob.",0,1,"EPA Prob."
"NWC21-MN-10107",2021,"EPA Prob.",2,6,"EPA Prob."
"NWC21-MN-10121",2021,"EPA Prob.",0,4,"EPA Prob."
"NWC21-MN-10122",2021,"EPA Prob.",0,3,"EPA Prob."
"NWC21-NH-10001",2021,"EPA Prob.",0,2,"EPA Prob."
"NWC21-NH-10006",2021,"EPA Prob.",0,1,"EPA Prob."
"NWC21-NH-10066",2021,"EPA Prob.",1,6,"EPA Prob."
"NWC21-NH-10067",2021,"EPA Prob.",0,4,"EPA Prob."
"NWC21-NH-10071",2021,"EPA Prob.",0,4,"EPA Prob."
"NWC21-NJ-10008",2021,"EPA Prob.",1,3,"EPA Prob."
"NWC21-NJ-10013",2021,"EPA Prob.",4,5,"EPA Prob."
"NWC21-NY-10001",2021,"EPA Prob.",0,3,"EPA Prob."
"NWC21-NY-10044",2021,"EPA Prob.",0,1,"EPA Prob."
"NWC21-NY-10046",2021,"EPA Prob.",1,5,"EPA Prob."
"NWC21-NY-10049",2021,"EPA Prob.",0,8,"EPA Prob."
"NWC21-NY-10053",2021,"EPA Prob.",0,0,"EPA Prob."
"NWC21-OH-10002",2021,"EPA Prob.",0,1,"EPA Prob."
"NWC21-OH-10006",2021,"EPA Prob.",2,6,"EPA Prob."
"NWC21-OH-10018",2021,"EPA Prob.",0,3,"EPA Prob."
"NWC21-PA-10002",2021,"EPA Prob.",0,3,"EPA Prob."
"NWC21-PA-10006",2021,"EPA Prob.",0,1,"EPA Prob."
"NWC21-PA-10009",2021,"EPA Prob.",1,7,"EPA Prob."
"NWC21-PA-10016",2021,"EPA Prob.",1,4,"EPA Prob."
"NWC21-RI-10005",2021,"EPA Prob.",0,0,"EPA Prob."
"NWC21-RI-10006",2021,"EPA Prob.",1,3,"EPA Prob."
"NWC21-RI-10007",2021,"EPA Prob.",2,10,"EPA Prob."
"NWC21-RI-10008",2021,"EPA Prob.",0,3,"EPA Prob."
"NWC21-RI-10062",2021,"EPA Prob.",0,0,"EPA Prob."
"NWC21-VT-10001",2021,"EPA Prob.",0,0,"EPA Prob."
"NWC21-VT-10003",2021,"EPA Prob.",0,5,"EPA Prob."
"NWC21-VT-10007",2021,"EPA Prob.",0,2,"EPA Prob."
"NWC21-VT-10008",2021,"EPA Prob.",0,1,"EPA Prob."
"NWC21-VT-10012",2021,"EPA Prob.",0,2,"EPA Prob."
"NWC21-VT-10014",2021,"EPA Prob.",0,3,"EPA Prob."
"NWC21-VT-10016",2021,"EPA Prob.",0,5,"EPA Prob."
"NWC21-VT-10017",2021,"EPA Prob.",0,0,"EPA Prob."
"NWC21-WI-10003",2022,"EPA Prob.",2,6,"EPA Prob."
"NWC21-WI-10004",2022,"EPA Prob.",2,6,"EPA Prob."
"NWC21-WI-10008",2022,"EPA Prob.",8,4,"EPA Prob."
"NWC21-WI-10014",2021,"EPA Prob.",0,2,"EPA Prob."
"NWC21-WI-10018",2021,"EPA Prob.",1,7,"EPA Prob."
"NWC21-WI-10019",2022,"EPA Prob.",0,0,"EPA Prob."
"NWC21-WI-10022",2022,"EPA Prob.",0,0,"EPA Prob."
"NWC21-WI-10023",2022,"EPA Prob.",1,5,"EPA Prob."
"NWC21-WI-10024",2022,"EPA Prob.",1,2,"EPA Prob."
"NWC21-WI-10037",2022,"EPA Prob.",1,5,"EPA Prob."
"NWC21-WI-10039",2022,"EPA Prob.",0,1,"EPA Prob."
"NWC21-WI-10041",2022,"EPA Prob.",0,0,"EPA Prob."
"NWC21-WI-10043",2021,"EPA Prob.",1,0,"EPA Prob."
"NWC21-WI-10047",2021,"EPA Prob.",0,6,"EPA Prob."
"NWC21-WI-10051",2022,"EPA Prob.",0,2,"EPA Prob."
"NWC21-WI-10056",2022,"EPA Prob.",0,2,"EPA Prob."
"NWCA11-R004",2011,"EPA Ref.",0,0,"EPA Ref."
"NWCA11-R005",2011,"EPA Ref.",0,0,"EPA Ref."
"NWCA11-R014",2011,"EPA Ref.",0,0,"EPA Ref."
"NWCA11-R015",2011,"EPA Ref.",0,0,"EPA Ref."
"NWCA11-R016",2011,"EPA Ref.",0,0,"EPA Ref."
"NWCA11-R017",2011,"EPA Ref.",0,0,"EPA Ref."
"NWCA11-R033",2011,"EPA Ref.",0,0,"EPA Ref."
"NWCA11-R042",2011,"EPA Ref.",0,0,"EPA Ref."
"NWCA11-R048",2011,"EPA Ref.",0,0,"EPA Ref."
"NWCA11-R050",2011,"EPA Ref.",0,0,"EPA Ref."
"NWCA11-R092",2011,"EPA Ref.",0,0,"EPA Ref."
"NWCA11-R095",2011,"EPA Ref.",0,0,"EPA Ref."
"NWCA11-R099",2011,"EPA Ref.",0,0,"EPA Ref."
"NWCA11-R110",2011,"EPA Ref.",0,0,"EPA Ref."
"NWCA11-R118",2011,"EPA Ref.",0,0,"EPA Ref."
"NWCA11-R119",2011,"EPA Ref.",0,0,"EPA Ref."
"NWCA11-R122",2011,"EPA Ref.",0,0,"EPA Ref."
"NWCA11-R123",2011,"EPA Ref.",0,0,"EPA Ref."
"NWCA11-R124",2011,"EPA Ref.",0,0,"EPA Ref."
"NWCA11-R125",2011,"EPA Ref.",0,0,"EPA Ref."
"NWCA11-R130",2011,"EPA Ref.",0,0,"EPA Ref."
"NWCA11-R131",2011,"EPA Ref.",0,0,"EPA Ref."
"NWCA11-R302",2011,"EPA Ref.",0,0,"EPA Ref."
"NWCA11-R303",2011,"EPA Ref.",0,0,"EPA Ref."
"NWCA11-R305",2011,"EPA Ref.",0,0,"EPA Ref."
"NWCA11-R308",2011,"EPA Ref.",0,0,"EPA Ref."
"NWCA11-R310",2011,"EPA Ref.",0,0,"EPA Ref."
"NWCA11-R311",2011,"EPA Ref.",0,0,"EPA Ref."
"NWCA11-R313",2011,"EPA Ref.",0,0,"EPA Ref."
"NWCA11-R316",2011,"EPA Ref.",0,0,"EPA Ref."
"NWCA11-R317",2011,"EPA Ref.",0,0,"EPA Ref."
"NWCA11-R320",2011,"EPA Ref.",0,0,"EPA Ref."
"NWCA16-R011",2016,"EPA Ref.",0,0,"EPA Ref."
"NWCA16-R012",2016,"EPA Ref.",0,0,"EPA Ref."
"NWCA16-R013",2016,"EPA Ref.",0,0,"EPA Ref."
"NWCA16-R014",2016,"EPA Ref.",0,0,"EPA Ref."
"NWCA16-R015",2016,"EPA Ref.",0,0,"EPA Ref."
"NWCA16-R016",2016,"EPA Ref.",0,0,"EPA Ref."
"NWCA16-R017",2016,"EPA Ref.",0,0,"EPA Ref."
"NWCA16-R034",2016,"EPA Ref.",0,0,"EPA Ref."
"NWCA16-R037",2016,"EPA Ref.",0,0,"EPA Ref."
"NWCA16-R038",2016,"EPA Ref.",0,0,"EPA Ref."
"NWCA16-R044",2016,"EPA Ref.",0,0,"EPA Ref."
"NWCA16-R045",2016,"EPA Ref.",0,0,"EPA Ref."
"NWCA16-R048",2016,"EPA Ref.",0,0,"EPA Ref."
"NWCA16-R049",2016,"EPA Ref.",0,0,"EPA Ref."
"NWCA16-R050",2016,"EPA Ref.",0,0,"EPA Ref."
"NWCA16-R057",2016,"EPA Ref.",0,0,"EPA Ref."
"NWCA16-R209",2016,"EPA Ref.",0,0,"EPA Ref."
"NWCA16-R210",2016,"EPA Ref.",0,0,"EPA Ref."
"NWCA16-R211",2016,"EPA Ref.",0,0,"EPA Ref."
"NWCA16-R212",2016,"EPA Ref.",0,0,"EPA Ref."
"NWCA16-R214",2016,"EPA Ref.",0,0,"EPA Ref."
"NWCA16-R220",2016,"EPA Ref.",0,0,"EPA Ref."
"NWCA16-R223",2016,"EPA Ref.",0,0,"EPA Ref."
"NWC21-MI-HP002",2021,"EPA Ref.",0,0,"EPA Ref."
"NWC21-MI-HP003",2021,"EPA Ref.",0,0,"EPA Ref."
"NWC21-MI-HP004",2021,"EPA Ref.",0,0,"EPA Ref."
"NWC21-MI-HP006",2021,"EPA Ref.",0,0,"EPA Ref."
"NWC21-PA-HP001",2021,"EPA Ref.",0,0,"EPA Ref."
"NWC21-VT-HP001",2021,"EPA Ref.",0,0,"EPA Ref."
"NWC21-WI-HP006",2021,"EPA Ref.",0,0,"EPA Ref."
