"Code","Panel","LAT_DD83","LON_DD83","Year","HGM_Class","site_type","meanC","Bryophyte_Cover","Invasive_Cover","Cover_Tolerant","vmmi","vmmi_rating"
"R-01",1,-68.3384939577714,44.2499969414017,2012,"Flats","ACAD RAM",4.75757575757576,20,0,15,63.2999979498342,"Good"
"R-01",1,-68.3384939577714,44.2499969414017,2017,"Flats","ACAD RAM",4.7,20,0,10,63.7851208406747,"Good"
"R-01",1,-68.3384939577714,44.2499969414017,2022,"Flats","ACAD RAM",4.67894736842105,20,0,31.1,60.1011937862104,"Fair"
"R-02",1,-68.2425834155958,44.3840214573794,2012,"Depression","ACAD RAM",4.375,98,0.1,96.3,67.0370763899384,"Good"
"R-02",1,-68.2425834155958,44.3840214573794,2017,"Depression","ACAD RAM",4.24,98,0.1,48.2,74.3006422119993,"Good"
"R-02",1,-68.2425834155958,44.3840214573794,2022,"Depression","ACAD RAM",4.53333333333333,95,1,69.1,71.5407378691996,"Good"
"R-03",1,-68.3354048962246,44.2481171081204,2012,"Flats","ACAD RAM",5.34615384615385,95,0,12,86.5242674293398,"Good"
"R-03",1,-68.3354048962246,44.2481171081204,2017,"Flats","ACAD RAM",5.23076923076923,98,0,25.1,84.3656470439833,"Good"
"R-03",1,-68.3354048962246,44.2481171081204,2022,"Flats","ACAD RAM",5.25,98,0,31.2,83.4575692907992,"Good"
"R-04",1,-68.2059198900939,44.3686744094638,2012,"Riverine","ACAD RAM",3.15294117647059,1,1,92.2,35.19173925277,"Poor"
"R-04",1,-68.2059198900939,44.3686744094638,2017,"Riverine","ACAD RAM",3.39555555555556,1,1,111.1,33.5128166635784,"Poor"
"R-04",1,-68.2059198900939,44.3686744094638,2022,"Riverine","ACAD RAM",3.17,1,0.1,112.2,32.225082571611,"Poor"
"R-05",1,-68.3215302008483,44.2460828209231,2012,"Flats","ACAD RAM",5.52272727272727,95,0,32,84.2506991250907,"Good"
"R-05",1,-68.3215302008483,44.2460828209231,2017,"Flats","ACAD RAM",5.48148148148148,95,0,35,83.4897856861482,"Good"
"R-05",1,-68.3215302008483,44.2460828209231,2022,"Flats","ACAD RAM",5.57692307692308,99,0,20,87.6195688514506,"Good"
"R-06",1,-68.3591853872769,44.2862747531465,2012,"Slope","ACAD RAM",4.41363636363636,85,0,121.5,59.7600256508284,"Fair"
"R-06",1,-68.3591853872769,44.2862747531465,2017,"Slope","ACAD RAM",4.38983050847458,85,0,143.4,55.9243042187516,"Fair"
"R-06",1,-68.3591853872769,44.2862747531465,2022,"Slope","ACAD RAM",4.42424242424242,90,0.1,155.3,56.1718346218516,"Fair"
"R-07",1,-68.3208915661463,44.2411672864252,2012,"Flats","ACAD RAM",5.03030303030303,95,0,20.2,83.1853179052805,"Good"
"R-07",1,-68.3208915661463,44.2411672864252,2017,"Flats","ACAD RAM",4.87179487179487,99,0.1,54.2,77.4559553587846,"Good"
"R-07",1,-68.3208915661463,44.2411672864252,2022,"Flats","ACAD RAM",5.02564102564103,96,0,52.2,78.0216175855124,"Good"
"R-08",1,-68.3246340162695,44.2375515280184,2012,"Flats","ACAD RAM",5.06521739130435,85,0,35,78.3665945805724,"Good"
"R-08",1,-68.3246340162695,44.2375515280184,2017,"Flats","ACAD RAM",5.20454545454545,85,0,35,79.2303072081951,"Good"
"R-08",1,-68.3246340162695,44.2375515280184,2022,"Flats","ACAD RAM",5.21739130434783,85,0,25,80.9940251579476,"Good"
"R-09",1,-68.3207553226268,44.4157745925048,2012,"Flats","ACAD RAM",5.13636363636364,95,0,40,80.5083132328546,"Good"
"R-09",1,-68.3207553226268,44.4157745925048,2017,"Flats","ACAD RAM",5.125,92,0,45,78.8330112481457,"Good"
"R-09",1,-68.3207553226268,44.4157745925048,2022,"Flats","ACAD RAM",5.22727272727273,85,0,27,80.7184643985506,"Good"
"R-10",1,-68.3061887768606,44.371931716241,2012,"Depression","ACAD RAM",4.45714285714286,92,0,92.2,66.743998123359,"Good"
"R-10",1,-68.3061887768606,44.371931716241,2017,"Depression","ACAD RAM",4.5625,92,0,52.4,74.0997784206727,"Good"
"R-10",1,-68.3061887768606,44.371931716241,2022,"Depression","ACAD RAM",4.62,90,0,49.4,74.4529105270271,"Good"
"R-11",2,-68.0665948433678,44.3579869398056,2013,"Depression","ACAD RAM",4.63793103448276,85,0,51.1,73.0064147228499,"Good"
"R-11",2,-68.0665948433678,44.3579869398056,2018,"Depression","ACAD RAM",4.66666666666667,85,0,41.4,74.8181129361396,"Good"
"R-11",2,-68.0665948433678,44.3579869398056,2023,"Depression","ACAD RAM",4.6969696969697,85,0,62.2,71.5030687970942,"Good"
"R-12",2,-68.3163382758398,44.4133655551529,2013,"Flats","ACAD RAM",5.4,80,0,40,78.3285545293674,"Good"
"R-12",2,-68.3163382758398,44.4133655551529,2018,"Flats","ACAD RAM",5.22222222222222,80,0,50,75.5424022933936,"Good"
"R-12",2,-68.3163382758398,44.4133655551529,2023,"Flats","ACAD RAM",5.31034482758621,60,0,75,66.7930408260485,"Good"
"R-13",2,-68.2118445385926,44.3689953789024,2013,"Depression","ACAD RAM",3.10322580645161,0.1,1,143.3,26.0490291046532,"Poor"
"R-13",2,-68.2118445385926,44.3689953789024,2018,"Depression","ACAD RAM",2.95952380952381,0.1,0.1,141.4,26.0302516027289,"Poor"
"R-13",2,-68.2118445385926,44.3689953789024,2023,"Depression","ACAD RAM",2.83280701754386,0.1,0.1,155.6,24.4891455376337,"Poor"
"R-14",2,-68.3159289857143,44.4120964003125,2013,"Flats","ACAD RAM",5.23076923076923,75,0,59,72.8083517470113,"Good"
"R-14",2,-68.3159289857143,44.4120964003125,2018,"Flats","ACAD RAM",5,75,0,55,72.0514174806002,"Good"
"R-14",2,-68.3159289857143,44.4120964003125,2023,"Flats","ACAD RAM",5,60,0,36,71.4371042224086,"Good"
"R-15",2,-68.3921425157583,44.2909409722641,2013,"Depression","ACAD RAM",4.18028169014084,65,0,170.6,48.3355623026283,"Fair"
"R-15",2,-68.3921425157583,44.2909409722641,2018,"Depression","ACAD RAM",4.01369863013699,65,0,206.4,47.3028924360819,"Fair"
"R-15",2,-68.3921425157583,44.2909409722641,2023,"Depression","ACAD RAM",4.12613636363636,65,0.1,203.3,47.9670458633714,"Fair"
"R-16",2,-68.3481273019141,44.2784011965738,2013,"Riverine","ACAD RAM",3.76491228070175,30,0.1,121.5,41.720698962701,"Fair"
"R-16",2,-68.3481273019141,44.2784011965738,2018,"Riverine","ACAD RAM",3.8,30,0.1,142.5,38.4016340302155,"Poor"
"R-16",2,-68.3481273019141,44.2784011965738,2023,"Riverine","ACAD RAM",3.83765432098765,40,0.1,143.2,41.0598884214204,"Poor"
"R-17",2,-17.9452387931029,31.5348446146721,2013,"Depression","ACAD RAM",4.73076923076923,45,0,40.4,65.2130361165587,"Good"
"R-17",2,-17.9452387931029,31.5348446146721,2018,"Depression","ACAD RAM",4.76666666666667,45,0,87.1,57.5708926042009,"Fair"
"R-17",2,-17.9452387931029,31.5348446146721,2023,"Depression","ACAD RAM",4.51515151515152,57,0,89.2,58.7093195391192,"Fair"
"R-18",2,-68.2957320817992,44.3796274076189,2013,"Flats","ACAD RAM",6.02777777777778,99,0,3,93.2774195508598,"Good"
"R-18",2,-68.2957320817992,44.3796274076189,2018,"Flats","ACAD RAM",5.73809523809524,99,0,3,91.4816401385482,"Good"
"R-18",2,-68.2957320817992,44.3796274076189,2023,"Flats","ACAD RAM",5.825,99,0,7,91.3467400139977,"Good"
"R-19",2,-68.2069155630812,44.3661930914957,2013,"Riverine","ACAD RAM",3.96521739130435,0,0,121.3,35.4008114206992,"Poor"
"R-19",2,-68.2069155630812,44.3661930914957,2018,"Riverine","ACAD RAM",4.13392857142857,0,0.1,78.3,43.6553761425842,"Fair"
"R-19",2,-68.2069155630812,44.3661930914957,2023,"Riverine","ACAD RAM",4.56521739130435,0,0,64.2,48.7364133899853,"Fair"
"R-20",2,-68.3497795835116,44.2597358283346,2013,"Slope","ACAD RAM",4.7,97,0.1,57.3,75.3654526534665,"Good"
"R-20",2,-68.3497795835116,44.2597358283346,2018,"Slope","ACAD RAM",4.71052631578947,97,0.1,65.1,74.1171204431294,"Good"
"R-20",2,-68.3497795835116,44.2597358283346,2023,"Slope","ACAD RAM",4.46153846153846,95,0.1,73.1,70.7178014677791,"Good"
"R-21",3,-68.3532948685453,44.2726632031669,2014,"Depression","ACAD RAM",3.89144736842105,20,0.1,99.5,43.6673766594384,"Fair"
"R-21",3,-68.3532948685453,44.2726632031669,2019,"Depression","ACAD RAM",3.81084337349398,15,0.1,152,33.298922258864,"Poor"
"R-21",3,-68.3532948685453,44.2726632031669,2024,"Depression","ACAD RAM",3.75185185185185,15,1,186.3,32.6374629968123,"Poor"
"R-22",3,-68.384193222716,44.3375656204563,2014,"Slope","ACAD RAM",4.55555555555556,60,0.1,43.2,67.4365321228703,"Good"
"R-22",3,-68.384193222716,44.3375656204563,2019,"Slope","ACAD RAM",4.55,80,0,41.1,72.8740456029543,"Good"
"R-22",3,-68.384193222716,44.3375656204563,2024,"Slope","ACAD RAM",4.59183673469388,75,0.1,52.3,69.9430011101829,"Good"
"R-23",3,-68.240417496762,44.3915187462527,2014,"Depression","ACAD RAM",4.97777777777778,95,0.1,67.2,74.9116456216303,"Good"
"R-23",3,-68.240417496762,44.3915187462527,2019,"Depression","ACAD RAM",5.16279069767442,98,0,94,72.3408945943419,"Good"
"R-23",3,-68.240417496762,44.3915187462527,2024,"Depression","ACAD RAM",5,99,0.1,67,76.0950868436566,"Good"
"R-24",3,-68.3101848046471,44.2377851239715,2014,"Depression","ACAD RAM",5.26666666666667,95,0,77.1,75.0681236477321,"Good"
"R-24",3,-68.3101848046471,44.2377851239715,2019,"Depression","ACAD RAM",5.14285714285714,85,0,76,71.9431454410537,"Good"
"R-24",3,-68.3101848046471,44.2377851239715,2024,"Depression","ACAD RAM",5.2,60,0,85,64.424914142454,"Good"
"R-25",3,-68.3486781184179,44.2822432320174,2014,"Depression","ACAD RAM",3.68189655172414,20,0.1,160.4,33.7709224563604,"Poor"
"R-25",3,-68.3486781184179,44.2822432320174,2019,"Depression","ACAD RAM",4.01923076923077,20,0,202.1,35.8949633425321,"Poor"
"R-25",3,-68.3486781184179,44.2822432320174,2024,"Depression","ACAD RAM",4.02222222222222,75,0.1,206.4,49.8655850446441,"Fair"
"R-26",3,-68.2886268792385,44.3255136289642,2014,"Slope","ACAD RAM",4.58064516129032,50,0,69.3,60.6867505490576,"Fair"
"R-26",3,-68.2886268792385,44.3255136289642,2019,"Slope","ACAD RAM",4.5,50,0,112.1,52.9789375504137,"Fair"
"R-26",3,-68.2886268792385,44.3255136289642,2024,"Slope","ACAD RAM",4.50724637681159,62,0.1,123.2,54.1729215987593,"Fair"
"R-27",3,-68.1822930743841,44.3431049060646,2014,"Depression","ACAD RAM",4.04651162790698,10,0,135.1,36.1234440948041,"Poor"
"R-27",3,-68.1822930743841,44.3431049060646,2019,"Depression","ACAD RAM",3.92982456140351,2,0.1,165.1,30.730970738943,"Poor"
"R-27",3,-68.1822930743841,44.3431049060646,2024,"Depression","ACAD RAM",4.03571428571429,12,0.1,173.1,33.9301111338929,"Poor"
"R-28",3,-68.292888312486,44.3799988425785,2014,"Flats","ACAD RAM",5.32352941176471,95,0,55.1,79.1256098512603,"Good"
"R-28",3,-68.292888312486,44.3799988425785,2019,"Flats","ACAD RAM",5.26470588235294,95,0.1,61.1,77.7176417066536,"Good"
"R-28",3,-68.292888312486,44.3799988425785,2024,"Flats","ACAD RAM",5.075,95,0.1,39,80.2634580471838,"Good"
"R-29",3,-68.3798770162158,44.3424218729202,2014,"Slope","ACAD RAM",4.36842105263158,95,0,117.3,62.7297620955152,"Good"
"R-29",3,-68.3798770162158,44.3424218729202,2019,"Slope","ACAD RAM",4.32432432432432,95,0.1,128.1,60.6047265517915,"Fair"
"R-29",3,-68.3798770162158,44.3424218729202,2024,"Slope","ACAD RAM",4.5,95,0,151.4,57.9456863514831,"Fair"
"R-30",3,-68.2369317192564,44.3814933121561,2014,"Slope","ACAD RAM",4.11764705882353,75,0.1,234.3,50.4571359098762,"Fair"
"R-30",3,-68.2369317192564,44.3814933121561,2019,"Slope","ACAD RAM",4.20634920634921,60,0.1,235.3,47.1929374464203,"Fair"
"R-30",3,-68.2369317192564,44.3814933121561,2024,"Slope","ACAD RAM",4.25,70,0.1,250.2,50.006250685733,"Fair"
"R-31",4,-68.2712728020067,44.3637117689864,2015,"Riverine","ACAD RAM",4.26341463414634,10,0,10.2,58.5022738297424,"Fair"
"R-31",4,-68.2712728020067,44.3637117689864,2020,"Riverine","ACAD RAM",4.05405405405405,12,0,3.4,58.858141581183,"Fair"
"R-31",4,-68.2712728020067,44.3637117689864,2025,"Riverine","ACAD RAM",4.08333333333333,16,0,12,58.60842115632,"Fair"
"R-32",4,-68.6352514251375,44.0598234474256,2015,"Depression","ACAD RAM",4.84210526315789,95,0.1,43,78.1460795980971,"Good"
"R-32",4,-68.6352514251375,44.0598234474256,2020,"Depression","ACAD RAM",5.03389830508475,96,0,20,83.4955588087606,"Good"
"R-32",4,-68.6352514251375,44.0598234474256,2025,"Depression","ACAD RAM",4.89655172413793,96,0,14,83.654580567719,"Good"
"R-33",4,-68.2390778660976,44.3863781900929,2015,"Depression","ACAD RAM",4.87096774193548,60,0,0.2,76.6999221527114,"Good"
"R-33",4,-68.2390778660976,44.3863781900929,2020,"Depression","ACAD RAM",4.84375,90,0,2.2,83.7888462144322,"Good"
"R-33",4,-68.2390778660976,44.3863781900929,2025,"Depression","ACAD RAM",4.89189189189189,12,0,10.1,62.9236694972074,"Good"
"R-34",4,-68.1837503659439,44.3438625739126,2015,"Depression","ACAD RAM",3.82352941176471,5,0.1,221.1,30.8348483041503,"Poor"
"R-34",4,-68.1837503659439,44.3438625739126,2020,"Depression","ACAD RAM",3.64705882352941,3,0.1,227.2,29.232341106983,"Poor"
"R-34",4,-68.1837503659439,44.3438625739126,2025,"Depression","ACAD RAM",3.59175,0.1,0.1,165,28.1520868398936,"Poor"
"R-35",4,-68.2950469184111,44.382136867978,2015,"Flats","ACAD RAM",5.38235294117647,95,0,20,85.4014023900526,"Good"
"R-35",4,-68.2950469184111,44.382136867978,2020,"Flats","ACAD RAM",5.47222222222222,95,0,21,85.7901051630561,"Good"
"R-35",4,-68.2950469184111,44.382136867978,2025,"Flats","ACAD RAM",5.52777777777778,98,0,15.1,87.8909261908623,"Good"
"R-36",4,-68.3558484861582,44.2740460972843,2015,"Depression","ACAD RAM",3.92647058823529,20,0.1,191,35.2870684416656,"Poor"
"R-36",4,-68.3558484861582,44.2740460972843,2020,"Depression","ACAD RAM",4.02083333333333,50,0,200,43.533046868724,"Fair"
"R-36",4,-68.3558484861582,44.2740460972843,2025,"Depression","ACAD RAM",3.9575,22,0.1,225.1,35.9879670341358,"Poor"
"R-37",4,-68.2857214250712,44.3231007047084,2015,"Depression","ACAD RAM",3.89566265060241,50,0,230,42.7570976681973,"Fair"
"R-37",4,-68.2857214250712,44.3231007047084,2020,"Depression","ACAD RAM",3.74125,50,0.1,215.1,41.767011159374,"Fair"
"R-37",4,-68.2857214250712,44.3231007047084,2025,"Depression","ACAD RAM",3.9620253164557,40,0.1,185.2,40.5929094691152,"Poor"
"R-38",4,-68.323341276382,44.3201246960462,2015,"Riverine","ACAD RAM",4.37704918032787,70,0,118,56.3085721766701,"Fair"
"R-38",4,-68.323341276382,44.3201246960462,2020,"Riverine","ACAD RAM",4.35526315789474,75,0,110,58.792143882003,"Fair"
"R-38",4,-68.323341276382,44.3201246960462,2025,"Riverine","ACAD RAM",4.2,80,0,113,58.5957802577085,"Fair"
"R-39",4,-68.2648660048043,44.3672358676529,2015,"Depression","ACAD RAM",4.69303797468354,75,0,85,65.0962656971669,"Good"
"R-39",4,-68.2648660048043,44.3672358676529,2020,"Depression","ACAD RAM",4.62365591397849,65,0,86.1,61.9381916800812,"Good"
"R-39",4,-68.2648660048043,44.3672358676529,2025,"Depression","ACAD RAM",4.47684210526316,70,0,104,59.2849202035169,"Fair"
"R-40",4,-68.2138678958752,44.3047398332796,2015,"Riverine","ACAD RAM",4.188,75,0,149.3,51.1368044594486,"Fair"
"R-40",4,-68.2138678958752,44.3047398332796,2020,"Riverine","ACAD RAM",4.05681818181818,80,0.1,205.1,51.351408029426,"Fair"
"R-40",4,-68.2138678958752,44.3047398332796,2025,"Riverine","ACAD RAM",3.94736842105263,87,0,194,52.4856788694503,"Fair"
"GIME03",-1,-68.2710747204677,44.3614687783234,2024,"Depression","ACAD GILM",4.178703704,60,0,59,62.47238739,"Good"
"GIME03",-1,-68.2710747204677,44.3614687783234,2025,"Depression","ACAD GILM",4.012096774,70,0,61.3,63.59494637,"Good"
"GIME07",-1,-68.2714351618667,44.3617501685242,2024,"Depression","ACAD GILM",4.263157895,40,0,47,59.93139897,"Fair"
"GIME07",-1,-68.2714351618667,44.3617501685242,2025,"Depression","ACAD GILM",4.306122449,50,0,38.8,64.12140772,"Good"
"GRME01",-1,-68.2078691636101,44.363883845008,2024,"Riverine","ACAD GRME",4.192307692,30,0,88.2,50.01104342,"Fair"
"GRME01",-1,-68.2078691636101,44.363883845008,2025,"Riverine","ACAD GRME",4.065833333,15,0.1,67.8,48.81560861,"Fair"
"GRME02",-1,-68.2084027556366,44.368992193998,2024,"Depression","ACAD GRME",3.748214286,0,1,86.2,39.63809329,"Poor"
"GRME02",-1,-68.2084027556366,44.368992193998,2025,"Depression","ACAD GRME",3.414242424,0.1,2,163.6,26.42730549,"Poor"
"GRME03",-1,-68.211540817212,44.3661599775609,2024,"Slope","ACAD GRME",3.839215686,15,0.1,115.2,39.42821431,"Poor"
"GRME03",-1,-68.211540817212,44.3661599775609,2025,"Slope","ACAD GRME",3.877192982,25,4,129.2,38.5669974,"Poor"
"GRME04",-1,-68.2104551852359,44.3666296324395,2024,"Depression","ACAD GRME",3.979166667,35,0.1,115.2,45.38122116,"Fair"
"GRME04",-1,-68.2104551852359,44.3666296324395,2025,"Depression","ACAD GRME",3.866666667,65,0.1,152.1,46.35855976,"Fair"
"GRME05",-1,-68.2068255161496,44.3658932545905,2024,"Riverine","ACAD GRME",4.134615385,0,0,15.1,54.33591275,"Fair"
"GRME05",-1,-68.2068255161496,44.3658932545905,2025,"Riverine","ACAD GRME",4.23,0,0,28.4,52.6873814,"Fair"
"GRME06",-1,-68.2091846880126,44.3668459157113,2024,"Depression","ACAD GRME",3.914285714,55,5,145.3,43.38508661,"Fair"
"GRME06",-1,-68.2091846880126,44.3668459157113,2025,"Depression","ACAD GRME",4.028571429,60,5,105.2,52.11809699,"Fair"
"GRME07",-1,-68.2086014674007,44.3635558135196,2024,"Depression","ACAD GRME",4.017857143,60,0.1,103,54.03244281,"Fair"
"GRME07",-1,-68.2086014674007,44.3635558135196,2025,"Depression","ACAD GRME",3.684782609,45,0.1,82.8,51.55544776,"Fair"
"GRME08",-1,-68.2046702526296,44.3665714914146,2024,"Depression","ACAD GRME",3.2071875,0.1,0.1,32.5,45.64892463,"Fair"
"GRME08",-1,-68.2046702526296,44.3665714914146,2025,"Depression","ACAD GRME",3.76627907,0,0.1,45.7,46.86638616,"Fair"
"GRME09",-1,-68.2098064161728,44.3654097530641,2024,"Depression","ACAD GRME",3.788478261,35,3,119.1,42.58931125,"Fair"
"GRME09",-1,-68.2098064161728,44.3654097530641,2025,"Depression","ACAD GRME",3.978723404,17,2,105.7,41.77707553,"Fair"
"GRME10",-1,-68.2061069633001,44.3670586406657,2024,"Riverine","ACAD GRME",4,0,0,77,43.07692927,"Fair"
"GRME10",-1,-68.2061069633001,44.3670586406657,2025,"Riverine","ACAD GRME",4.207894737,0,0,22.3,53.57763979,"Fair"
"DUCK",0,-68.37977,44.31957,2011,"Depression","ACAD Sent.",5.075,98.6,0,26.94,83.242674738704,"Good"
"DUCK",0,-68.37977,44.31957,2016,"Depression","ACAD Sent.",5.45,40,0,14.06,72.836130439428,"Good"
"DUCK",0,-68.37977,44.31957,2021,"Depression","ACAD Sent.",5.25641025641026,48,0,9.22,74.485311503859,"Good"
"WMTN",0,-68.36791,44.28555,2011,"Slope","ACAD Sent.",4.84782608695652,96.4,0,77.38,72.7804647351192,"Good"
"WMTN",0,-68.36791,44.28555,2021,"Slope","ACAD Sent.",4.77083333333333,98.4,0.02,67.12,74.5330186061391,"Good"
"WMTN",0,-68.36791,44.28555,2016,"Slope","ACAD Sent.",4.61224489795918,97.6,0.02,74.98,72.0227973658364,"Good"
"BIGH",0,-68.32042,44.23616,2011,"Flats","ACAD Sent.",5.84848484848485,96.6,0,1.88,91.7493934835136,"Good"
"BIGH",0,-68.32042,44.23616,2021,"Flats","ACAD Sent.",5.87179487179487,97.6,0,2.52,92.0403859362849,"Good"
"BIGH",0,-68.32042,44.23616,2016,"Flats","ACAD Sent.",5.78378378378378,97.4,0,2.72,91.4102565227121,"Good"
"GILM",0,-68.27162,44.36275,2011,"Riverine","ACAD Sent.",4.5,1.26,0,4.34,58.7333874538506,"Fair"
"GILM",0,-68.27162,44.36275,2016,"Riverine","ACAD Sent.",4.69565217391304,2.44,0,4.2,60.2698811986217,"Fair"
"GILM",0,-68.27162,44.36275,2021,"Riverine","ACAD Sent.",4.5,8.42,0,56.12,51.8337773259951,"Fair"
"LIHU",0,-68.2136,44.30423,2021,"Riverine","ACAD Sent.",3.9047619047619,95.6,0,54.82,70.530154759418,"Good"
"LIHU",0,-68.2136,44.30423,2011,"Riverine","ACAD Sent.",4.03846153846154,90.6,0,57.5,69.6362841393546,"Good"
"LIHU",0,-68.2136,44.30423,2016,"Riverine","ACAD Sent.",4.04347826086957,83,0,37.9,71.0357261548991,"Good"
"NEMI",0,-68.23952,44.39098,2016,"Depression","ACAD Sent.",5.6,99,0,1.9,90.8107989333867,"Good"
"NEMI",0,-68.23952,44.39098,2021,"Depression","ACAD Sent.",5.33333333333333,98.4,0,33.26,83.7289235465583,"Good"
"NEMI",0,-68.23952,44.39098,2011,"Depression","ACAD Sent.",5.44444444444444,93.4,0,3.08,88.2289291851769,"Good"
"GRME",0,-68.61601,44.04894,2021,"Depression","ACAD Sent.",5.79310344827586,35,0,0.62,75.8732837196188,"Good"
"GRME",0,-68.61601,44.04894,2016,"Depression","ACAD Sent.",5.86666666666667,86.4,0,0.4,89.3988814063144,"Good"
"GRME",0,-68.61601,44.04894,2011,"Depression","ACAD Sent.",5.8,53,0,29.5,75.7111351591954,"Good"
"HEBR",0,-68.36975,44.2783,2011,"Riverine","ACAD Sent.",4.58333333333333,85.6,0,48.36,73.2819180094474,"Good"
"HEBR",0,-68.36975,44.2783,2016,"Riverine","ACAD Sent.",4.72,92.8,0,47.02,76.1855584611034,"Good"
"HEBR",0,-68.36975,44.2783,2021,"Riverine","ACAD Sent.",4.6,77.6,0,43.52,72.1661604378945,"Good"
"HODG",0,-68.39372,44.32867,2021,"Slope","ACAD Sent.",4.75555555555556,98.4,0,81.78,71.9760122946278,"Good"
"HODG",0,-68.39372,44.32867,2016,"Slope","ACAD Sent.",4.68571428571429,99,0,85,71.1482582706803,"Good"
"HODG",0,-68.39372,44.32867,2011,"Slope","ACAD Sent.",4.65714285714286,96.8,0,129.62,62.9024368628286,"Good"
"FRAZ",0,-68.06155,44.36229,2021,"Depression","ACAD Sent.",5.33333333333333,98,0,75.58,76.5001639818428,"Good"
"FRAZ",0,-68.06155,44.36229,2011,"Depression","ACAD Sent.",4.96875,95,0,79.66,72.7901373781384,"Good"
"FRAZ",0,-68.06155,44.36229,2016,"Depression","ACAD Sent.",5.14705882352941,99,0,66.24,77.16754401747,"Good"
"202741",NA,41.63713648,-73.03024,2016,"Riverine","PROB",4.06153846153846,7.4,0.2,150.6,32.8876189622749,"Poor"
"4693",NA,41.63713648,-73.03024,2011,"Depression","PROB",4.3134328358209,10.42,0,110.94,41.9536062380886,"Fair"
"4354",NA,41.49032243,-71.84760856,2011,"Depression","PROB",4.41379310344828,9,0,71.68,48.8264086319198,"Fair"
"4690",NA,41.64576632,-73.00340323,2011,"Depression","PROB",3.94666666666667,15,1.08,133.26,36.7307394735179,"Poor"
"4688",NA,41.80995145,-73.29738787,2011,"Depression","PROB",3.86666666666667,0.02,1.1,81.28,41.1731221263364,"Poor"
"4685",NA,41.86653201,-73.4976652,2011,"Depression","PROB",3.04225352112676,4.8,68.3,141.04,5.13012485187343,"Poor"
"4684",NA,41.82703547,-72.9162012,2011,"Depression","PROB",4.02197802197802,0.42,0.42,89.64,41.0531981533621,"Poor"
"202742",NA,41.64191489,-73.0325166,2016,"Riverine","PROB",4.34615384615385,0,28,90.2,33.7982035396019,"Poor"
"4683",NA,41.64191489,-73.0325166,2011,"Depression","PROB",4.25423728813559,8.64,12.06,89.82,40.7276007872453,"Poor"
"202001",NA,41.82248797,-72.74348038,2016,"Riverine","PROB",4.02564102564103,9.8,43.8,174.8,18.9472458705,"Poor"
"2015532",NA,41.275969,-72.505595,2021,"Riverine","PROB",4.05660377358491,1.42,68.06,124,13.507341179002,"Poor"
"206313",NA,41.27615211,-72.50580245,2016,"Riverine","PROB",4.42857142857143,29,76,165.8,15.7453310705552,"Poor"
"210510",NA,41.27713313,-72.50688166,2016,"Riverine","PROB",4.15625,10,1.8,44.6,51.4531112513048,"Fair"
"2015688",NA,41.4194428,-73.01396536,2021,"Depression","PROB",3.2289156626506,0.02,19.9,108.38,26.4775718082578,"Poor"
"2015232",NA,41.81476319,-72.23808439,2021,"Slope","PROB",3.39325842696629,2,14.74,132.36,25.6570866087681,"Poor"
"2015591",NA,41.98335869,-72.51008554,2021,"Slope","PROB",3.56578947368421,1.62,30.08,153.32,18.5253653754775,"Poor"
"2015608",NA,41.29109629,-72.606296,2021,"Slope","PROB",4.32142857142857,16,9.92,134.36,36.2179110428629,"Poor"
"202645",NA,41.69066085,-86.71858024,2016,"Riverine","PROB",3.59677419354839,35,30.44,86.58,37.8599951824826,"Poor"
"4722",NA,41.69066085,-86.71858024,2011,"Depression","PROB",4.30769230769231,35,4.26,123.72,44.6158117021328,"Fair"
"202646",NA,41.70866669,-86.69418454,2016,"Depression","PROB",3.15384615384615,0.28,28.32,137.28,18.4442774251389,"Poor"
"4552",NA,41.70866669,-86.69418454,2011,"Depression","PROB",3.45,10.44,28.72,116.8,26.1811359058489,"Poor"
"4720",NA,41.60897451,-86.27730918,2011,"Depression","PROB",2.7887323943662,3.04,10.16,99.78,30.4809600076607,"Poor"
"4758",NA,41.53469288,-85.00992253,2011,"Depression","PROB",2.69736842105263,1.6,1.28,148.32,24.858455025543,"Poor"
"200690",NA,41.21831566,-86.38280115,2016,"Depression","PROB",2.39130434782609,1.44,79.32,96,8.8817300102051,"Poor"
"4792",NA,41.21831566,-86.38280115,2011,"Depression","PROB",2.54838709677419,4,75.08,96.18,9.99693426105244,"Poor"
"2015479",NA,41.43624145,-87.06420526,2021,"Depression","PROB",3.89130434782609,8,0.88,60.3,46.9604529298507,"Fair"
"201052",NA,42.67507644,-71.05507509,2016,"Riverine","PROB",3.9,3,76.6,104.4,13.4375530568739,"Poor"
"4355",NA,42.67507644,-71.05507509,2011,"Depression","PROB",4.21153846153846,0.6,19.64,99.34,34.3243252225101,"Poor"
"4357",NA,41.7988138,-71.1873914,2011,"Riverine","PROB",4.14814814814815,0.04,3.02,35.06,50.0760340475651,"Fair"
"203604",NA,41.7988138,-71.1873914,2016,"Riverine","PROB",4.19354838709677,5,13,101.62,37.1297027864628,"Poor"
"4359",NA,41.96955635,-70.94920514,2011,"Depression","PROB",4.25,0.46,0.06,96.52,41.436564295213,"Poor"
"4361",NA,42.67268652,-71.07183995,2011,"Depression","PROB",4.46666666666667,12.4,0.22,91.36,46.6321249784726,"Fair"
"4362",NA,42.42337382,-70.92910413,2011,"Depression","PROB",2.84210526315789,0,114.86,144.1,0.415126250555316,"Poor"
"4363",NA,41.94503744,-70.96320907,2011,"Depression","PROB",4.21739130434783,1.22,0.28,76.36,44.7504840035361,"Fair"
"4365",NA,42.65538157,-71.08372933,2011,"Depression","PROB",4.21428571428571,0,2.6,3.14,55.9894840178021,"Fair"
"2015358",NA,42.35114,-73.17501,2021,"Riverine","PROB",4.73333333333333,92,0.02,46.84,76.0885373165189,"Good"
"210663",NA,42.35110675,-73.17541701,2016,"Riverine","PROB",4.65957446808511,94,0,36.76,77.8439700201215,"Good"
"201900",NA,41.98649712,-71.30065483,2016,"Riverine","PROB",3.76470588235294,30,21,184.2,29.958633147617,"Poor"
"2015724",NA,42.50641451,-71.62810605,2021,"Depression","PROB",4.30666666666667,3.6,9.04,88.08,41.0565696452383,"Poor"
"2015380",NA,42.20616617,-70.87554462,2021,"Riverine","PROB",4,0.84,0.02,210.7,30.8972631119726,"Poor"
"2015263",NA,41.9662053,-70.94678002,2021,"Flats","PROB",3.79661016949153,10.8,9.66,102.4,37.1100541675583,"Poor"
"2016245",NA,42.79958876,-70.91798733,2021,"Depression","PROB",3.7,18.4,7.42,134.74,33.7334081712024,"Poor"
"2015399",NA,42.21390116,-70.76638097,2021,"Depression","PROB",3.40322580645161,0.24,21.5,142.06,21.4162828365878,"Poor"
"3484",NA,45.97830697,-70.14913136,2011,"Flats","PROB",6,49,0,1.1,80.7156698090564,"Good"
"206930",NA,45.97830697,-70.14913136,2016,"Lacustrine","PROB",6.38461538461539,98.6,0,2.42,95.4905463999159,"Good"
"5503",NA,45.96976598,-68.23679906,2011,"Flats","PROB",4.53424657534247,52,0,72.9,60.3013444268984,"Fair"
"207132",NA,45.96976598,-68.23679906,2016,"Flats","PROB",4.5,83,0,143.44,56.091928913503,"Fair"
"3532",NA,44.69158468,-69.29320804,2011,"Flats","PROB",4.16666666666667,0,0,102.08,39.8863698943602,"Poor"
"3873",NA,45.92052579,-69.53039821,2011,"Flats","PROB",5.29411764705882,82,0,44.12,77.4868458159103,"Good"
"3869",NA,45.48409746,-69.20219337,2011,"Riverine","PROB",4,4.22,1.24,48.7,48.5083596919972,"Fair"
"206535",NA,45.48409746,-69.20219337,2016,"Riverine","PROB",4.1,0.86,3.82,67.58,44.2465120239675,"Fair"
"3874",NA,44.71538398,-69.31762345,2011,"Flats","PROB",4.38181818181818,78,0.22,96.98,61.8399087037588,"Good"
"5504",NA,46.9444575,-68.08143818,2011,"Flats","PROB",4.05633802816901,18.4,0.02,81.04,47.4177712246952,"Fair"
"3883",NA,44.96018641,-68.14359722,2011,"Flats","PROB",3.875,16,0,32.52,53.8611351042246,"Fair"
"5506",NA,45.66447735,-67.86926854,2011,"Depression","PROB",3.92,0.08,0.02,56.16,46.1043388304768,"Fair"
"206651",NA,45.66447735,-67.86926854,2016,"Riverine","PROB",3.65079365079365,0,0.02,70.3,42.0338511175425,"Fair"
"5507",NA,43.48743399,-70.42695642,2011,"Flats","PROB",4.45454545454545,1.82,0,102.84,42.0057558474517,"Fair"
"3486",NA,46.17506001,-69.86529855,2011,"Depression","PROB",4.11494252873563,25,0,52.06,54.3463155728823,"Fair"
"3910",NA,44.91606,-69.89773,2011,"Depression","REF",5.82608695652174,99.6,0,4,91.8586863669202,"Good"
"3911",NA,44.34642,-69.41836,2011,"Depression","REF",4.30769230769231,33,0,86.62,51.7551728739088,"Fair"
"3790",NA,45.22888,-67.67751,2011,"Riverine","REF",5.04878048780488,72.6,0,3.64,80.3929900963225,"Good"
"4406",NA,45.03692,-67.20238,2011,"Lacustrine","REF",4.94871794871795,56,0,14.98,73.6420235376716,"Good"
"3912",NA,43.80714,-70.63938,2011,"Riverine","REF",4.92682926829268,3.8,0,126.4,41.4692629707861,"Poor"
"3791",NA,44.8975,-68.74052,2011,"Depression","REF",5.32142857142857,96,0,20.76,85.1499791610965,"Good"
"207492",NA,46.3778,-69.2268,2016,"Other","REF",6.73333333333333,93,0,0,96.4496659102238,"Good"
"2015922",NA,46.72587059,-68.37268347,2021,"Riverine","PROB",4.52173913043478,34.2,0,29.02,63.0875397890713,"Good"
"2015882",NA,45.18759186,-67.45381842,2021,"Flats","PROB",4.46153846153846,62,0,132.88,52.292187789665,"Fair"
"2015906",NA,45.92972227,-68.38987874,2021,"Flats","PROB",4.73684210526316,61,0,77.38,63.0912386253347,"Good"
"2016110",NA,44.99297516,-70.80946853,2021,"Flats","PROB",5.07142857142857,59,0,62.66,67.1358187519883,"Good"
"2016177",NA,43.55757718,-70.38276559,2021,"Riverine","PROB",3.38888888888889,0,67.6,81.22,16.3627017707585,"Poor"
"202390",NA,41.79047249,-85.69157579,2016,"Riverine","PROB",4.12987012987013,0.68,4.64,52.1,46.7234037597308,"Fair"
"4410",NA,41.79047249,-85.69157579,2011,"Depression","PROB",4.23214285714286,5.4,6.22,62.86,46.226264505315,"Fair"
"4014",NA,45.9069735,-86.56505255,2011,"Riverine","PROB",4.46511627906977,50,6.4,52.36,60.720158234328,"Fair"
"201250",NA,42.96801332,-85.59834787,2016,"Lacustrine","PROB",2.34285714285714,0.02,86.82,102.78,7.3788539701588,"Poor"
"4015",NA,42.96801332,-85.59834787,2011,"Lacustrine","PROB",3.46153846153846,0.4,77.42,103.56,10.1998237647723,"Poor"
"201930",NA,44.51120705,-84.91907776,2016,"Lacustrine","PROB",5.96153846153846,58,0,130.62,60.9544190382281,"Good"
"4018",NA,44.51120705,-84.91907776,2011,"Lacustrine","PROB",5.77777777777778,0.46,0,6.44,66.0974395716258,"Good"
"5510",NA,46.04641945,-84.34377855,2011,"Other","PROB",3.20689655172414,0,0.32,148.06,26.0880308792688,"Poor"
"5490",NA,45.18187596,-84.06174178,2011,"Lacustrine","PROB",5.8,9.2,0,20.6,66.0728681331736,"Good"
"4019",NA,42.30241506,-85.80076576,2011,"Depression","PROB",4.35849056603774,0.4,0,103.3,40.9717639786209,"Poor"
"5511",NA,42.58796595,-83.7792863,2011,"Depression","PROB",3.46875,0,73.02,151.26,3.40068466799545,"Poor"
"5512",NA,46.07282407,-87.66325735,2011,"Depression","PROB",4.35294117647059,6.7,0.06,50.74,51.371111741282,"Fair"
"4020",NA,46.42732457,-88.58720121,2011,"Depression","PROB",5.23076923076923,93,0.02,46.28,79.5207942890469,"Good"
"4021",NA,43.70000868,-85.5267486,2011,"Slope","PROB",3.39344262295082,0.2,19.42,111.42,27.189045324619,"Poor"
"207473",NA,46.26335328,-85.93147845,2016,"Flats","PROB",5.46511627906977,0.24,0,7.84,63.8674943478877,"Good"
"5513",NA,46.26335328,-85.93147845,2011,"Riverine","PROB",5.15151515151515,1,0,82.68,49.5129848743321,"Fair"
"5514",NA,44.10458187,-84.90982227,2011,"Riverine","PROB",5.27586206896552,3.2,0,76.78,51.8368377051647,"Fair"
"4024",NA,46.19511,-89.29469,2011,"Lacustrine","REF",7.71428571428571,90,0,1,97.716639544345,"Good"
"5638",NA,46.59842,-88.13,2011,"Lacustrine","REF",5.55172413793103,67,0,68.5,71.1639078420559,"Good"
"5104",NA,46.64517,-86.19832,2011,"Depression","REF",5.77272727272727,75,0,47.52,78.1013239531742,"Good"
"3918",NA,44.89849,-85.96871,2011,"Flats","REF",4.0625,21,0.06,40.36,54.9547925200565,"Fair"
"3917",NA,44.74903,-86.06079,2011,"Slope","REF",4.62222222222222,26,0,56.74,56.9571347190388,"Fair"
"4070",NA,48.108,-88.674,2011,"Depression","REF",5.90384615384615,44,0,112.56,60.0784302862112,"Fair"
"2015522",NA,41.998093,-86.165407,2021,"Depression","PROB",4.22058823529412,6.02,0.04,59.3,48.9427272179952,"Fair"
"206316",NA,41.99842024,-86.16540957,2016,"Depression","PROB",4.2258064516129,5.6,0.04,102.22,41.640185544144,"Fair"
"2016441",NA,45.17343,-84.05855,2021,"Flats","PROB",4.22641509433962,24.6,22.22,85.88,41.9379944008433,"Fair"
"211562",NA,45.17343436,-84.05858732,2016,"Flats","PROB",4.30188679245283,25,0.2,79.06,50.8924531558455,"Fair"
"207710",NA,46.04820355,-84.35440565,2016,"Depression","PROB",4.14473684210526,20.8,0.06,79.3,48.855906256986,"Fair"
"207302",NA,45.5983147,-87.31734091,2016,"Depression","PROB",4.125,2.42,0.08,79.78,43.9726310569592,"Fair"
"211190",NA,44.14381986,-86.3173258,2016,"Depression","PROB",3.82978723404255,4,0,124.72,35.0023229640514,"Poor"
"202362",NA,46.8126,-89.602278,2016,"Depression","REF",3.58333333333333,0.04,3.02,45.44,44.8265850789545,"Fair"
"202733",NA,46.48963,-86.10806,2016,"Riverine","REF",3.78947368421053,0.02,0,120.14,34.5117231344647,"Poor"
"202198",NA,46.665403,-88.170299,2016,"Riverine","REF",3.75,4.8,0,16.7,52.9026220608737,"Fair"
"2016373",NA,46.42656562,-87.8536248,2021,"Depression","PROB",3.91836734693878,95.2,0.44,64.44,68.7481022316427,"Good"
"2016612",NA,46.18453285,-85.2773091,2021,"Depression","PROB",7.53846153846154,100,0,2.02,99.8460745632178,"Good"
"2016607",NA,45.97540994,-86.70200452,2021,"Depression","PROB",4.32203389830508,12.2,0,66.04,50.0210741795297,"Fair"
"2016595",NA,46.05151383,-86.92563685,2021,"Riverine","PROB",4.31111111111111,0.86,11.24,48.54,46.3233146592747,"Fair"
"2015807",NA,42.221,-86.212,2021,"Depression","REF",4.61538461538461,85,0.86,6.22,80.1421644271291,"Good"
"2015842",NA,41.934,-86.207,2021,"Depression","REF",3.72222222222222,7.2,25.28,64.38,37.0032907168177,"Poor"
"2016359",NA,46.33787181,-87.92199849,2021,"Depression","PROB",4.96491228070175,98,0.8,47.98,78.6014449623979,"Good"
"2015558",NA,42.46860825,-85.93732212,2021,"Depression","PROB",1.83870967741935,0.8,5.72,98.76,31.5422672732997,"Poor"
"2016125",NA,44.01275007,-84.91548983,2021,"Depression","PROB",3.53409090909091,2.62,3.08,75.52,40.0918979220817,"Poor"
"2016606",NA,46.16337,-84.12969,2021,"Depression","REF",5,36,0,48.96,63.151969658508,"Good"
"2016350",NA,46.66867039,-89.71994063,2021,"Depression","PROB",3.76363636363636,4.2,6.2,138.02,30.3657835868032,"Poor"
"2016615",NA,45.97386,-84.06101,2021,"Lacustrine","REF",4.71698113207547,86,0.04,55.14,73.0571733990659,"Good"
"2016450",NA,45.11327575,-84.17976933,2021,"Depression","PROB",4.37837837837838,3.2,7.42,50.96,48.1831124480242,"Fair"
"2016675",NA,45.82623735,-87.68325882,2021,"Depression","PROB",5.40909090909091,99.6,0,19.46,86.6700715614048,"Good"
"5871",NA,46.81048931,-93.14851728,2011,"Flats","PROB",5.32835820895522,27,0,51.34,62.4982509484968,"Good"
"204251",NA,45.12936302,-93.8239321,2016,"Flats","PROB",3.75,0.62,72.62,119.26,10.7029652919415,"Poor"
"5869",NA,45.12936302,-93.8239321,2011,"Flats","PROB",3,0.02,33.8,34.9,32.8706898049381,"Poor"
"5873",NA,47.88139102,-90.56111485,2011,"Riverine","PROB",5.18181818181818,6.8,0.62,90.24,49.6986970244998,"Fair"
"205272",NA,47.44227021,-92.83921312,2016,"Flats","PROB",7.69230769230769,100,0,0.08,100,"Good"
"5876",NA,47.44227021,-92.83921312,2011,"Flats","PROB",7.77777777777778,100,0,1.22,99.9808014225458,"Good"
"5878",NA,45.85260342,-94.58520521,2011,"Depression","PROB",4.39240506329114,8.2,28.04,87.8,36.5609854798376,"Poor"
"209080",NA,47.55232638,-95.58586757,2016,"Depression","PROB",3.93333333333333,0,13,18.5,48.2433542380701,"Fair"
"5910",NA,47.55232638,-95.58586757,2011,"Depression","PROB",4.57142857142857,0,10.02,16.32,53.5454341120797,"Fair"
"5882",NA,47.96105302,-93.63516699,2011,"Flats","PROB",6.29268292682927,93.8,0,14.1,91.7331272998112,"Good"
"207790",NA,47.96105303,-93.63516699,2016,"Flats","PROB",6.6,72,0,23.7,86.4783830681838,"Good"
"5883",NA,46.59056752,-95.62185967,2011,"Depression","PROB",2.65789473684211,0.2,76.3,142.02,0.90992883735469,"Poor"
"5888",NA,46.05053768,-92.94901057,2011,"Flats","PROB",7.91666666666667,100,0,0,100,"Good"
"5890",NA,45.20368509,-92.91925419,2011,"Depression","PROB",4.15044247787611,19,16.14,98.46,39.9225733688592,"Poor"
"5894",NA,48.12189153,-95.13415244,2011,"Flats","PROB",6.13559322033898,78,0,47.86,81.0563383389206,"Good"
"5895",NA,47.57609578,-94.51528939,2011,"Flats","PROB",6.28813559322034,100,0,31.4,90.1085971403537,"Good"
"204363",NA,48.46242007,-95.14854739,2016,"Flats","PROB",5.97222222222222,70,0,50.98,77.4839692356312,"Good"
"5897",NA,48.46242007,-95.14854739,2011,"Flats","PROB",5.88888888888889,53,0,76.28,68.3840170190207,"Good"
"5900",NA,48.40682295,-93.63881003,2011,"Flats","PROB",6.59375,97.8,0,2.68,96.5397982055788,"Good"
"5904",NA,45.65363979,-93.23111357,2011,"Slope","PROB",4.42307692307692,1.24,37.02,162.72,21.4625256610158,"Poor"
"205183",NA,48.60055926,-94.65191038,2016,"Flats","PROB",4.54022988505747,12.9,22.88,98.9,38.4988248254279,"Poor"
"5906",NA,48.60055926,-94.65191038,2011,"Flats","PROB",4.65,28,1.84,133.64,44.0825855505041,"Fair"
"5643",NA,46.55181,-92.73373,2011,"Riverine","REF",5.38461538461539,0.04,1.04,16.94,61.4433143889074,"Good"
"4456",NA,47.18543,-95.1847,2011,"Depression","REF",5.78947368421053,1.8,0.02,0.5,67.4023871527988,"Good"
"204361",NA,45.44573816,-92.65208819,2016,"Riverine","PROB",4.53191489361702,4.2,8.8,75.36,44.8265060335122,"Fair"
"2015886",NA,45.44573817,-92.65208819,2021,"Riverine","PROB",4.18292682926829,18,4.04,92.42,44.8632386906145,"Fair"
"2015519",NA,47.11343731,-93.84047667,2021,"Slope","PROB",6.71428571428571,50,0,1.04,85.3979010669168,"Good"
"204362",NA,47.11343731,-93.84047667,2016,"Slope","PROB",5.64705882352941,100,0,3.18,90.8869603485361,"Good"
"204481",NA,45.98877774,-94.3957911,2016,"Depression","PROB",4.60869565217391,1.04,75.8,96.7,18.8872036942193,"Poor"
"2015702",NA,45.98877774,-94.3957911,2021,"Depression","PROB",4.39130434782609,14,72.6,87.12,23.4998831533545,"Poor"
"2015950",NA,46.72768542,-94.87240891,2021,"Flats","PROB",5.96774193548387,50,4.2,5.34,78.6766982635667,"Good"
"208992",NA,46.72768542,-94.87240891,2016,"Slope","PROB",5.78260869565217,10.8,5.62,6.68,66.8692612116539,"Good"
"205140",NA,48.21229854,-95.14114448,2016,"Depression","PROB",5.62857142857143,100,0,34.94,85.423698022829,"Good"
"204070",NA,45.03118742,-92.89648876,2016,"Depression","PROB",3.73684210526316,0.42,68.1,87.46,17.4113252743497,"Poor"
"2015689",NA,45.03118742,-92.89648876,2021,"Depression","PROB",3.2,1.24,29.28,63.6,31.0673554455903,"Poor"
"204551",NA,48.47586712,-94.57685172,2016,"Depression","PROB",5.11627906976744,16,0.02,51.94,58.2789348900002,"Fair"
"2016514",NA,48.47586712,-94.57685172,2021,"Flats","PROB",5.51162790697674,14,0.02,59.38,58.9682556579537,"Fair"
"204091",NA,45.38343867,-93.12902906,2016,"Depression","PROB",4.33333333333333,0.24,24.22,71.34,38.1981444156006,"Poor"
"2016335",NA,45.38343867,-93.12902906,2021,"Flats","PROB",4.27586206896552,0.02,26.22,59.54,39.1159012737097,"Poor"
"205410",NA,48.23935409,-93.92774242,2016,"Depression","PROB",5.68493150684932,8.62,0,91.84,53.2146376088331,"Fair"
"206030",NA,47.50629049,-91.44798687,2016,"Depression","PROB",8.1,99.6,0,0,100,"Good"
"2016592",NA,47.50629049,-91.44798687,2021,"Flats","PROB",8.46153846153846,100,0,0,100,"Good"
"207711",NA,47.5035825,-93.78313417,2016,"Depression","PROB",7.58333333333333,97.8,0,0,99.6999593165175,"Good"
"203820",NA,46.30608278,-94.9827496,2016,"Riverine","PROB",4.175,0.12,84.36,96.16,15.7977014273382,"Poor"
"203601",NA,45.92632931,-94.20063608,2016,"Depression","PROB",4.89090909090909,0.6,0.1,57.58,51.9899344714981,"Fair"
"206190",NA,46.75785957,-93.59091601,2016,"Depression","PROB",4.78723404255319,37,1,155.34,44.6498533465786,"Fair"
"2016534",NA,46.75785957,-93.59091601,2021,"Flats","PROB",4.77586206896552,1.6,0,102.12,44.0629579663518,"Fair"
"204250",NA,48.44642016,-95.32554533,2016,"Depression","PROB",4.62295081967213,33,0.02,180.52,42.9364044888941,"Fair"
"208091",NA,48.33737771,-93.37313267,2016,"Depression","PROB",5.6271186440678,76.6,0.6,55.76,76.0206477962574,"Good"
"208366",NA,47.61831,-91.85736,2016,"Depression","REF",6.28205128205128,81,0,108.72,72.4777223229287,"Good"
"208634",NA,48.51253,-93.18879,2016,"Depression","REF",7.94117647058824,99.8,0,0,100,"Good"
"204980",NA,48.25375,-95.06031,2016,"Flats","REF",6.60869565217391,95.2,0,45.8,88.7095641364513,"Good"
"206031",NA,47.11961,-93.88004,2016,"Depression","REF",6.65625,88,0,1.58,94.6206307892233,"Good"
"205592",NA,47.7564,-91.60881,2016,"Depression","REF",6.33333333333333,89.4,0,17.7,90.2600583585954,"Good"
"205593",NA,47.27588,-93.78709,2016,"Riverine","REF",5.21428571428571,0,0,0.52,63.3855978501456,"Good"
"209770",NA,47.2233,-94.6787,2016,"Lacustrine","REF",5.31578947368421,63.2,0,45.96,72.5310116035757,"Good"
"209960",NA,45.93042,-92.64251,2016,"Riverine","REF",5.29411764705882,0.04,0,82.12,50.2472060840802,"Fair"
"2016376",NA,44.97644024,-92.96979774,2021,"Depression","PROB",4.6,0,0,37.08,53.519222640025,"Fair"
"2016007",NA,47.81251649,-92.4959091,2021,"Flats","PROB",6.13461538461539,71.8,0,34.52,81.7203620273394,"Good"
"2016142",NA,45.95555926,-95.35094798,2021,"Depression","PROB",5.94117647058824,72,0,11.74,84.4084081540988,"Good"
"2016439",NA,45.45601122,-95.0951593,2021,"Depression","PROB",4.25806451612903,0.6,87,90.28,17.4249231286388,"Poor"
"2015937",NA,47.46582165,-95.49545378,2021,"Flats","PROB",6.17142857142857,97.4,18,18.92,85.1698358737834,"Good"
"2015470",NA,45.86507021,-92.95375716,2021,"Flats","PROB",5.48,30,0.02,35.2,66.9126573044698,"Good"
"2015988",NA,45.98121743,-93.1690339,2021,"Flats","PROB",5.1,2.4,0,41.34,56.5116259962331,"Fair"
"2016222",NA,48.85966274,-96.30735407,2021,"Flats","PROB",5.34375,3.8,20.62,24.06,54.5124804522645,"Fair"
"2015669",NA,44.42643243,-93.94718632,2021,"Riverine","PROB",4,3.4,98.2,105.12,14.0379219186515,"Poor"
"2016034",NA,46.61962263,-92.72699793,2021,"Flats","PROB",5.88636363636364,57,0,58.28,72.4168040143077,"Good"
"2016347",NA,46.94420589,-93.37275414,2021,"Flats","PROB",6.42553191489362,99,0,32.96,90.6976192501088,"Good"
"2015492",NA,46.86336304,-93.28492202,2021,"Flats","PROB",6.25,84,0,7.58,90.0746903204237,"Good"
"2016498",NA,48.21764466,-93.60448951,2021,"Flats","PROB",6.91111111111111,99,0,11.32,97.3521558104773,"Good"
"2016361",NA,46.61229591,-94.40793101,2021,"Flats","PROB",5.08450704225352,1.64,10.8,75.22,46.9674934979007,"Fair"
"2016554",NA,48.6122376,-95.46578635,2021,"Flats","PROB",4.86301369863014,1.62,0.02,101.86,44.645522551857,"Fair"
"2016438",NA,46.0517436,-95.553505,2021,"Depression","PROB",2.8,0,93.42,101.38,7.60954053866951,"Poor"
"2015537",NA,45.81022613,-93.03400655,2021,"Flats","PROB",4.88235294117647,1.42,0.02,7.06,60.679687764737,"Fair"
"2015721",NA,46.65919254,-95.1407409,2021,"Flats","PROB",4.73584905660377,12,0.6,33.86,57.7577316266367,"Fair"
"2016504",NA,48.37417182,-95.06768809,2021,"Flats","PROB",5.20689655172414,1.86,0,108.84,45.6694075282226,"Fair"
"2015911",NA,47.6459622,-95.56058546,2021,"Lacustrine","PROB",4.19607843137255,0,58.6,79.66,24.5869364474533,"Poor"
"204553",NA,45.15872257,-71.11477873,2016,"Flats","PROB",5.76923076923077,98.4,0,21.62,88.3913900142495,"Good"
"5601",NA,45.15872257,-71.11477873,2011,"Flats","PROB",5.6,84,0,52,78.5645383183381,"Good"
"203941",NA,44.62418921,-71.44528876,2016,"Riverine","PROB",4.07246376811594,0.86,0,118.12,36.8197928169423,"Poor"
"5602",NA,44.62418921,-71.44528876,2011,"Flats","PROB",3.92982456140351,0,0.4,158.72,30.1237693636968,"Poor"
"5605",NA,43.43778379,-71.84640206,2011,"Riverine","PROB",3.66666666666667,0.4,3.02,107.38,35.003491105214,"Poor"
"5607",NA,43.43069561,-71.82252277,2011,"Riverine","PROB",3.84722222222222,0,3,132.66,31.7702759239693,"Poor"
"5608",NA,43.04554328,-71.19349076,2011,"Riverine","PROB",4.60606060606061,0.4,0,51.26,51.2704683300901,"Fair"
"4813",NA,43.48258835,-71.00705812,2011,"Riverine","PROB",3.98571428571429,1.4,0,119.32,36.2172368097473,"Poor"
"4500",NA,43.0692293,-70.71791109,2011,"Riverine","PROB",3.82857142857143,2,15.8,171.6,24.9437903881446,"Poor"
"5210",NA,44.83369,-71.15708,2011,"Flats","REF",5.15384615384615,64,0,52.1,70.6964905263792,"Good"
"5212",NA,43.76189,-71.12144,2011,"Flats","REF",5.52941176470588,90,0,8.64,86.9547781027822,"Good"
"3693",NA,42.78701,-71.94591,2011,"Riverine","REF",5.28571428571429,69,0,33.48,75.9210864502669,"Good"
"204260",NA,45.17658358,-71.08201422,2016,"Depression","PROB",4.15789473684211,4.2,0,17.9,55.076566633028,"Fair"
"2016063",NA,45.17659,-71.08201,2021,"Depression","PROB",3.97777777777778,47,0,105.8,50.0397136967161,"Fair"
"206530",NA,43.21013394,-71.03372676,2016,"Riverine","PROB",4.26190476190476,7,1.62,62.2,48.4404267306347,"Fair"
"212710",NA,43.9306,-72.062,2016,"Slope","REF",4.33802816901408,8.6,0,44.84,52.7751083712633,"Fair"
"2015803",NA,43.42323732,-71.14985272,2021,"Riverine","PROB",5,21,0,90.08,52.4129326041026,"Fair"
"2016354",NA,43.52137714,-71.55092627,2021,"Riverine","PROB",3.5625,1,2.4,93,37.1357734653911,"Poor"
"2015924",NA,42.91875236,-71.00364506,2021,"Flats","PROB",4.28571428571429,2,1.6,158,32.444173135708,"Poor"
"2015722",NA,43.04204855,-71.92933164,2021,"Riverine","PROB",3.88461538461538,0,2.33333333333333,150.666666666667,29.2081676706175,"Poor"
"199230",NA,41.14987343,-74.35922291,2016,"Riverine","PROB",4.64516129032258,8,3.62,67.72,49.4836933773584,"Fair"
"2016050",NA,41.149793,-74.358186,2021,"Riverine","PROB",3.90361445783133,2.6,5.8,68.64,42.6423302853501,"Fair"
"2016028",NA,40.9512048,-74.41375658,2021,"Riverine","PROB",3.58571428571429,5.8,88.64,160.34,4.42898771810682,"Poor"
"4369",NA,44.8902448,-74.99987549,2011,"Flats","PROB",3.32530120481928,0,15.06,63.38,36.2389296572661,"Poor"
"204991",NA,43.77856756,-75.44644128,2016,"Riverine","PROB",3.69565217391304,0,87.7,95.68,12.8764790718352,"Poor"
"4372",NA,43.77856756,-75.44644128,2011,"Flats","PROB",4.09090909090909,0,63.42,75.02,23.1324152794384,"Poor"
"4373",NA,43.60753468,-76.13258105,2011,"Lacustrine","PROB",3.54237288135593,2.22,17.12,54.98,38.8867339433492,"Poor"
"4474",NA,43.76602637,-75.41068626,2011,"Riverine","PROB",4.05,0,69.8,78.82,20.142227738237,"Poor"
"4472",NA,44.11419236,-74.3775049,2011,"Riverine","PROB",3.82857142857143,0.06,0.04,107.3,36.913487578364,"Poor"
"4471",NA,43.22363395,-78.04488079,2011,"Flats","PROB",2.13559322033898,0.64,53.06,149.62,7.3791706274074,"Poor"
"4469",NA,43.77110005,-75.42470923,2011,"Flats","PROB",4.09523809523809,0,27.6,63.48,36.8740683328861,"Poor"
"4467",NA,43.76634492,-75.41222605,2011,"Riverine","PROB",4.66666666666667,0,29,57.34,40.9903882239875,"Poor"
"4388",NA,44.08433,-75.32777,2011,"Flats","REF",6.16,98,0,2.56,93.9219831859739,"Good"
"4390",NA,44.37851,-74.68353,2011,"Depression","REF",5.11764705882353,95,0,22.82,83.2855149363605,"Good"
"4392",NA,44.1197,-75.92458,2011,"Flats","REF",5.23809523809524,11.6,0.06,20.7,63.163233821716,"Good"
"4384",NA,44.0555,-75.34264,2011,"Riverine","REF",4.60655737704918,0,0,80.16,46.3048313851416,"Fair"
"4385",NA,41.88046,-74.38261,2011,"Flats","REF",7.125,59,0,6.42,88.9392916457015,"Good"
"201303",NA,43.11916865,-76.59042661,2016,"Depression","PROB",3.95384615384615,5.6,0.96,76.82,43.9295065871839,"Fair"
"2015732",NA,43.119169,-76.590427,2021,"Depression","PROB",4.31034482758621,5,14.56,67.82,43.0332939612624,"Fair"
"201160",NA,43.17477092,-77.01933302,2016,"Flats","PROB",4.59701492537313,21,0.36,39.24,58.3583569467967,"Fair"
"204992",NA,43.94964654,-75.23688229,2016,"Depression","PROB",5.17647058823529,43,0,34.94,68.386926690651,"Good"
"201073",NA,42.77884656,-78.61228045,2016,"Depression","PROB",2.94366197183099,1.26,35.58,78.78,25.2112643463367,"Poor"
"205181",NA,44.33476856,-75.82878386,2016,"Depression","PROB",4.57894736842105,11.8,57,82.92,29.9375922727866,"Poor"
"200572",NA,43.77516192,-73.68763041,2016,"Slope","PROB",4.67857142857143,76,0,54.64,70.3736978123162,"Good"
"211340",NA,44.7395,-74.0619,2016,"Lacustrine","REF",4.7,94,0,108.64,65.9893653743799,"Good"
"204105",NA,43.52746,-74.551981,2016,"Riverine","REF",4.03846153846154,3,0,121.6,36.5670878636089,"Poor"
"203876",NA,44.5657,-73.4297,2016,"Riverine","REF",5.0625,0,0,124.22,41.7112032589223,"Fair"
"2016092",NA,44.01443927,-74.04371112,2021,"Slope","PROB",5.21428571428571,64.6,0,37.98,73.6016561484095,"Good"
"2015712",NA,43.10877359,-78.76910283,2021,"Flats","PROB",3.74137931034483,6.8,0.58,38.14,49.5564418133305,"Fair"
"2015893",NA,42.27127264,-73.52574186,2021,"Depression","PROB",3.81818181818182,0.44,0.86,39.8,48.0438096320495,"Fair"
"2016135",NA,43.54973574,-76.21044128,2021,"Riverine","PROB",3.96428571428571,0.02,23.52,40.84,41.2209252420648,"Poor"
"3986",NA,40.82559058,-81.43189717,2011,"Depression","PROB",5.33333333333333,0.26,0,49.78,55.9925828192548,"Fair"
"3454",NA,40.9991539,-82.01442268,2011,"Depression","PROB",4.375,0,98.6,103.8,15.7203759666916,"Poor"
"200377",NA,40.7325257,-81.97442367,2016,"Riverine","PROB",4.02380952380952,2.4,97.68,169.76,6.28027887006643,"Poor"
"3878",NA,40.7325257,-81.97442367,2011,"Depression","PROB",4.26666666666667,1.02,38.82,124.86,24.1720342268045,"Poor"
"200823",NA,41.12319239,-81.35869646,2016,"Depression","PROB",4.96551724137931,81,0.02,19.5,79.3351796271528,"Good"
"2016093",NA,41.123079,-81.358286,2021,"Depression","PROB",4.65625,60,75,112.34,31.8028538843334,"Poor"
"2016132",NA,40.77457481,-82.09048977,2021,"Depression","PROB",2.98412698412698,0.22,22.24,118.1,22.7088669185777,"Poor"
"2016082",NA,41.14246862,-81.01631045,2021,"Depression","PROB",4.70149253731343,1.82,1.3,56.58,50.8999830872773,"Fair"
"4546",NA,41.4462271,-80.45368863,2011,"Depression","PROB",4.12903225806452,15.2,1.02,110.44,41.7749054788249,"Fair"
"206520",NA,41.4462271,-80.45368863,2016,"Riverine","PROB",4.0625,5.22,8.5,113.04,35.9288457614392,"Poor"
"4310",NA,41.45880668,-80.45331573,2011,"Depression","PROB",4.44444444444444,1.04,1.04,46.92,50.8204427269094,"Fair"
"206521",NA,41.45880668,-80.45331573,2016,"Depression","PROB",4.46428571428571,0.44,0.62,42.52,51.6698991729982,"Fair"
"4311",NA,41.99245893,-79.89572215,2011,"Riverine","PROB",3.05,0.2,6.5,127.2,26.6483554332277,"Poor"
"4297",NA,41.85280803,-75.63855952,2011,"Lacustrine","PROB",3.89189189189189,0,0.26,21.22,51.7150762495409,"Fair"
"4295",NA,41.20854667,-79.98778447,2011,"Lacustrine","PROB",3.84615384615385,1.2,52.22,83.18,24.2266653840869,"Poor"
"4312",NA,41.77448185,-79.86518516,2011,"Riverine","PROB",4.25490196078431,12.22,0.44,52.14,51.8062828720454,"Fair"
"4294",NA,41.76201634,-77.6060089,2011,"Riverine","PROB",3.82,19,2.66,44.42,51.4047904266137,"Fair"
"4287",NA,41.1737,-75.4436,2011,"Depression","REF",5.68,34,0,11.04,73.2448966958997,"Good"
"2015541",NA,41.32899,-78.83813,2021,"Riverine","PROB",3.40425531914894,0,4.52,68.48,39.3332114455457,"Poor"
"207751",NA,41.32956265,-78.83847912,2016,"Riverine","PROB",3.76595744680851,0,3.46,42.2,46.3495756124227,"Fair"
"2015945",NA,41.05468547,-80.27658701,2021,"Riverine","PROB",2.875,0,2.2,114.24,29.8886485220264,"Poor"
"207304",NA,41.64461996,-76.7189624,2016,"Depression","PROB",6.875,58,0,4.06,87.9308871498977,"Good"
"2016133",NA,41.35793,-75.00384626,2021,"Lacustrine","PROB",4.52777777777778,0,0.04,45.3,51.6740432177047,"Fair"
"2015972",NA,42.16687262,-80.09150439,2021,"Depression","PROB",4.69230769230769,0,4.22,75.64,46.2108150684627,"Fair"
"2015607",NA,41.055744,-75.667839,2021,"Depression","REF",6.30769230769231,0,0,11.96,68.3358753319612,"Good"
"200270",NA,41.62203357,-71.77755563,2016,"Riverine","PROB",4.19444444444444,11,0.14,125.16,38.9226802149392,"Poor"
"4405",NA,41.62203357,-71.77755563,2011,"Depression","PROB",4.296875,0.42,0.04,72.18,45.8226154805729,"Fair"
"4403",NA,41.57262016,-71.59088059,2011,"Depression","PROB",4.41025641025641,11.4,0,59.38,51.4861618638131,"Fair"
"4401",NA,41.63038416,-71.78038339,2011,"Depression","PROB",4.79411764705882,89,0,48.9,75.3621835465295,"Good"
"4400",NA,41.71123398,-71.27522754,2011,"Depression","PROB",2.890625,0.46,52.38,132.4,10.456863011365,"Poor"
"4399",NA,41.56882092,-71.58780557,2011,"Depression","PROB",5.3448275862069,0.02,0,20.7,60.9001334526319,"Fair"
"4398",NA,41.6142897,-71.75385925,2011,"Depression","PROB",4.36666666666667,3.82,0.1,72.4,47.0630205817911,"Fair"
"200570",NA,41.46075831,-71.43678042,2016,"Depression","PROB",3.78181818181818,2.8,0.64,161,29.8393473217213,"Poor"
"4396",NA,41.46075831,-71.43678042,2011,"Depression","PROB",4.28125,0.84,0,137.72,34.808195096329,"Poor"
"200790",NA,41.85764781,-71.56537866,2016,"Depression","PROB",4.27272727272727,0.02,23,45.8,42.4685776320016,"Fair"
"4549",NA,41.85764781,-71.56537866,2011,"Depression","PROB",4.36842105263158,0,0,10.88,56.4959362055461,"Fair"
"200662",NA,41.46097606,-71.44578241,2016,"Riverine","PROB",3.77272727272727,0.8,15.26,89.58,34.7379755404636,"Poor"
"201151",NA,41.70668465,-71.290468,2016,"Depression","PROB",3.625,0.4,83.8,152.62,3.2994579555967,"Poor"
"200370",NA,41.55442935,-71.4476166,2016,"Depression","PROB",4.2,3.4,15.02,56.2,43.7481554276112,"Fair"
"201291",NA,41.70738784,-71.29045679,2016,"Depression","PROB",3.09677419354839,0.4,87.76,161.06,0.0249104924153808,"Poor"
"2015198",NA,41.42404731,-71.47046308,2021,"Depression","PROB",4.91304347826087,24.6,0,117.32,48.2018054621917,"Fair"
"2016681",NA,41.51492435,-71.26743165,2021,"Depression","PROB",2.08510638297872,2.64,127.42,173.64,0,"Poor"
"2016446",NA,41.58369977,-71.48706089,2021,"Depression","PROB",4.5,3.8,0.06,100.8,43.1148291173923,"Fair"
"2015286",NA,41.9464325,-71.76041783,2021,"Depression","PROB",4.85,54,0,131.56,52.8884417214691,"Fair"
"2015476",NA,41.63005587,-71.24411318,2021,"Depression","PROB",1.16666666666667,0,100.4,100.66,7.73079471206469,"Poor"
"5339",NA,44.86249997,-72.04610104,2011,"Riverine","PROB",4.44615384615385,10,48.02,146.16,20.9575999387687,"Poor"
"204792",NA,44.86249997,-72.04610104,2016,"Riverine","PROB",4.29411764705882,0.64,4.06,71.16,44.7121624179994,"Fair"
"5912",NA,43.91334857,-73.10196761,2011,"Depression","PROB",4.03921568627451,0,48.42,140.28,16.7510063501705,"Poor"
"202530",NA,43.91334857,-73.10196761,2016,"Depression","PROB",3.84444444444444,0.24,27.34,99.66,29.3728083166195,"Poor"
"5916",NA,43.56814767,-73.39779593,2011,"Riverine","PROB",3.63636363636364,0,17.66,50.92,39.4111935728654,"Poor"
"5920",NA,44.67881377,-72.99011868,2011,"Riverine","PROB",3.01754385964912,0,62.82,222.44,3.95557797218204,"Poor"
"5924",NA,42.90777759,-73.08256474,2011,"Depression","PROB",4.38461538461539,41,0,74.1,56.3746795237797,"Fair"
"5923",NA,43.37770845,-72.94173838,2011,"Depression","PROB",4.35365853658537,22,0,129.64,41.9981978306187,"Fair"
"5921",NA,43.91901157,-73.11488042,2011,"Depression","PROB",3.22352941176471,19.2,21.6,115.02,29.6442170633666,"Poor"
"5341",NA,44.37391972,-72.17072338,2011,"Riverine","PROB",4.81132075471698,34.4,0.42,13.7,67.375548576744,"Good"
"205596",NA,44.37391972,-72.17072338,2016,"Riverine","PROB",4.47872340425532,3.4,0.36,63.58,49.0508030867795,"Fair"
"204793",NA,44.90104994,-72.20915023,2016,"Lacustrine","PROB",4.71698113207547,86.8,0.7,66.74,71.0901582158556,"Good"
"2015705",NA,44.90079,-72.21004,2021,"Lacustrine","PROB",4.26666666666667,15.8,0.68,66.04,50.3697574787288,"Fair"
"203480",NA,42.84976902,-73.20490764,2016,"Slope","PROB",2.6865671641791,10.4,34.68,111.4,22.3375839619699,"Poor"
"2015679",NA,43.25262,-72.7668,2021,"Riverine","PROB",3.93243243243243,1.22,2.62,61.96,44.6400818398594,"Fair"
"203226",NA,43.25270632,-72.76612828,2016,"Riverine","PROB",3.85897435897436,0.24,3.62,91.56,38.621998628412,"Poor"
"202666",NA,44.62418022,-73.01264102,2016,"Riverine","PROB",3.07692307692308,0.48,13.62,127.72,24.4590622251434,"Poor"
"205857",NA,44.52963,-71.81533,2016,"Riverine","REF",4.38297872340426,0.46,1.22,74.44,45.5981736565336,"Fair"
"2016157",NA,44.96510494,-73.13388145,2021,"Riverine","PROB",4.85714285714286,0.02,0,75.9,48.580752643639,"Fair"
"2015720",NA,43.75500663,-72.6002188,2021,"Depression","PROB",4.37209302325581,21,0.02,22.96,59.8174582614153,"Fair"
"2015523",NA,44.12001235,-72.97202035,2021,"Riverine","PROB",3.72727272727273,0.66,1.26,91.08,38.7687488716042,"Poor"
"2015851",NA,44.67579032,-73.32847913,2021,"Flats","PROB",4.31764705882353,5.22,0.58,44.7,51.622298522786,"Fair"
"2015852",NA,44.0436,-73.054737,2021,"Depression","REF",4.5,68.4,0,39.5,69.8839483330091,"Good"
"2015940",NA,43.77454644,-73.31490849,2021,"Flats","PROB",3.65384615384615,0.02,38.26,52.56,32.4787707426476,"Poor"
"2015561",NA,44.23101761,-73.11570661,2021,"Flats","PROB",5.22988505747126,31.6,0.04,34.92,65.8095756435638,"Good"
"202802",NA,46.43468222,-92.1010711,2016,"Flats","PROB",5.46153846153846,4.2,0,46,58.4257599464303,"Fair"
"4496",NA,46.43468222,-92.1010711,2011,"Flats","PROB",5.64150943396226,35,0,112.12,56.2378212513269,"Fair"
"204102",NA,46.10958388,-89.62171128,2016,"Flats","PROB",7.68421052631579,90.2,0,8.4,96.5391217575548,"Good"
"4494",NA,46.10958388,-89.62171128,2011,"Flats","PROB",7.76470588235294,100,0,6.4,99.1084450083971,"Good"
"4492",NA,46.21865121,-92.12563533,2011,"Flats","PROB",5.775,70,0,122.64,64.1932019959817,"Good"
"4490",NA,46.59460377,-92.21255789,2011,"Depression","PROB",5.34090909090909,76,0,128.12,62.104961857624,"Good"
"205714",NA,46.59460377,-92.21255789,2016,"Depression","PROB",5.66666666666667,18.8,0.04,94.92,55.1580543749126,"Fair"
"4489",NA,46.04659333,-88.88621722,2011,"Flats","PROB",6.96428571428571,96,0,2.66,98.3824811854457,"Good"
"4488",NA,45.58710461,-91.07677871,2011,"Flats","PROB",6.5609756097561,75,0,47.44,83.0012610277246,"Good"
"4487",NA,44.56440201,-90.80350007,2011,"Flats","PROB",5.7,70,0,58.68,74.4996786525731,"Good"
"202197",NA,44.56440201,-90.80350007,2016,"Flats","PROB",5.96296296296296,39.6,0,47.76,70.2389836933679,"Good"
"4486",NA,44.69398776,-88.82692026,2011,"Flats","PROB",2.62745098039216,4.02,34.6,111.44,20.7348838311011,"Poor"
"202803",NA,46.23844376,-92.13215353,2016,"Riverine","PROB",5.63157894736842,3.2,0.22,10.66,65.1048548163564,"Good"
"4485",NA,46.23844376,-92.13215353,2011,"Flats","PROB",6.23809523809524,6.4,0,14.2,69.1545372191549,"Good"
"4484",NA,45.06202695,-87.82285444,2011,"Flats","PROB",3.43243243243243,0,101.62,134.94,4.63302155636265,"Poor"
"4483",NA,46.44619882,-92.10155722,2011,"Depression","PROB",5.6,56.8,0,32.8,74.8817909161722,"Good"
"4482",NA,45.04474776,-87.81136669,2011,"Flats","PROB",3.64516129032258,0,101.46,147.54,3.82981019372947,"Poor"
"4481",NA,44.57255275,-90.81921736,2011,"Flats","PROB",6.7037037037037,87,0,51.48,86.2569434818339,"Good"
"4480",NA,45.51799627,-92.17418852,2011,"Flats","PROB",5.85714285714286,65.4,0,66.08,73.0579561700222,"Good"
"4887",NA,45.24139852,-87.04599257,2011,"Lacustrine","PROB",5.3125,28.4,16.66,23.9,61.90214684457,"Good"
"5665",NA,46.3599,-92.1802,2011,"Other","REF",8.3125,100,0,0,100,"Good"
"4448",NA,44.66613,-89.54053,2011,"Depression","REF",6.62222222222222,74,0,15.36,88.5292128477615,"Good"
"4447",NA,44.80193,-90.87259,2011,"Depression","REF",7,79,0,7.76,93.4223754155663,"Good"
"4025",NA,46.9223,-90.60378,2011,"Riverine","REF",6.425,27,0,58.78,68.0435307562222,"Good"
"206830",NA,46.2400146,-92.09967863,2016,"Riverine","PROB",5.02083333333333,0.08,0.82,2.6,61.6856248629248,"Good"
"2021173",NA,45.04429014,-87.81097501,2022,"Depression","PROB",3.5,0.02,100.44,106.48,9.84987604531452,"Poor"
"2020680",NA,45.08531,-91.55721,2022,"Riverine","PROB",2.96153846153846,0,96.4,107.08,6.64961166595764,"Poor"
"201922",NA,45.08524832,-91.55716941,2016,"Riverine","PROB",2.28571428571429,0,88.22,95.24,8.64356918401176,"Poor"
"204242",NA,45.11020495,-90.01986396,2016,"Riverine","PROB",4.35714285714286,4,5.06,95.14,41.5901542875502,"Fair"
"2021595",NA,45.11021,-90.02002,2022,"Riverine","PROB",4.54320987654321,2.2,0.62,29.48,54.8027274784159,"Fair"
"201324",NA,44.07090627,-90.19541854,2016,"Slope","PROB",6.725,16.42,0,12.64,74.9834500739703,"Good"
"205853",NA,46.59531188,-92.20029018,2016,"Depression","PROB",5.37333333333333,20,0.46,90.86,54.1904810356026,"Fair"
"205143",NA,45.21144016,-91.44799513,2016,"Riverine","PROB",5.22857142857143,3.02,0.44,50.48,55.7824574080608,"Fair"
"210683",NA,44.20339,-90.58258,2016,"Depression","REF",7.26315789473684,100,0,37.88,93.806943093841,"Good"
"210370",NA,45.91855,-89.026,2016,"Depression","REF",7.8,100,0,0.02,100,"Good"
"210573",NA,45.84216,-89.49048,2016,"Depression","REF",7.02777777777778,53,0,35.94,82.237754313193,"Good"
"210666",NA,45.45669,-89.0011,2016,"Depression","REF",7.78947368421053,100,0,0.36,100,"Good"
"203953",NA,46.03047,-89.98993,2016,"Riverine","REF",7.96,80,0,0.24,95.1739218877136,"Good"
"204106",NA,46.03825,-89.77547,2016,"Riverine","REF",6.32142857142857,0.22,0,22.1,66.7693052455826,"Good"
"204377",NA,45.88019,-90.68918,2016,"Depression","REF",5.24561403508772,11.2,0,34.62,60.7836054208331,"Fair"
"2016384",NA,44.4622168,-89.95123988,2021,"Riverine","PROB",3.79166666666667,13.82,2.64,74.52,44.84949472433,"Fair"
"2021594",NA,45.40193755,-90.95774855,2022,"Depression","PROB",5.23809523809524,11.4,0.2,40.9,59.664518635752,"Fair"
"2020917",NA,46.08774478,-89.88156317,2022,"Depression","PROB",7.61111111111111,73,0,0.42,93.3940195280716,"Good"
"2020679",NA,44.61525467,-89.06694387,2022,"Depression","PROB",5.40196078431373,51,20.02,62.08,60.6692463726464,"Fair"
"2016433",NA,45.017667,-88.518306,2021,"Depression","REF",7.72727272727273,95,0,0.04,98.9879983726607,"Good"
"2021469",NA,45.30131439,-89.39256639,2022,"Depression","PROB",3.52542372881356,0.8,11.8,48.28,41.2972253801355,"Poor"
"2020858",NA,45.77543373,-90.29638315,2022,"Depression","PROB",5.41772151898734,9.2,0.02,39.76,60.4697882528835,"Fair"
"2021467",NA,45.17073848,-89.15623112,2022,"Depression","PROB",4.52083333333333,1.4,67.04,75.44,24.8932001469157,"Poor"
"2016346",NA,44.09585162,-90.29977431,2021,"Flats","PROB",5.93103448275862,28,0,32.1,69.7287802592316,"Good"
"2020927",NA,46.22120807,-90.09737212,2022,"Depression","PROB",7.0625,89.6,0,24.2,93.7257032264292,"Good"
"2016363",NA,44.33197255,-90.65312704,2021,"Flats","PROB",5.95238095238095,87,0.02,23.16,86.3621443909947,"Good"
"2021789",NA,45.84212478,-88.91038241,2022,"Depression","PROB",6.2089552238806,24,0,22.94,71.9771862331058,"Good"
